name,href,phone
Столична Ювелірна Фабрика,http://stolychnashop.com.ua,+38(097) 990 05 85
Universal Fish Company,http://www.ufc-fish.com,
"Хекса, ТОВ",http://hexa.com.ua,
Pro Pharma,http://pro-pharma.ua,
Столична Ювелірна Фабрика,http://stolychnashop.com.ua,+38(097) 990 05 85
Universal Fish Company,http://www.ufc-fish.com,
"Хекса, ТОВ",http://hexa.com.ua,
Pro Pharma,http://pro-pharma.ua,
Столична Ювелірна Фабрика,http://stolychnashop.com.ua,+38(097) 990 05 85
Universal Fish Company,http://www.ufc-fish.com,
"Хекса, ТОВ",http://hexa.com.ua,
Pro Pharma,http://pro-pharma.ua,
"Carlsberg Ukraine, PJSC",http://www.carlsbergukraine.com,
"Клаудфреш, ТОВ",http://cloudfresh.com/en/,0687771213
EvoPlay,http://evoplay.com,
Medvoice,http://medvoice.net,
Планета Кіно,http://planetakino.ua/,0674108518
Softum,http://softum.io/,+38(063) 700 48 79
ManpowerGroup Ukraine,http://www.manpowergroup.com,+38 044 594 55 05
Бритіш Американ Тобакко Україна,http://bat.ua,
NIX,http://www.nixsolutions.com/ua/,
"Сити Лайм, ООО",http://www.parfumburo.com,(067) 533 51 53
АТБ-маркет,http://www.atbmarket.com,
Softum,http://softum.io/,+38(063) 700 48 79
"Дарниця, фармацевтична компанія",http://www.darnitsa.ua,
Столична Ювелірна Фабрика,http://stolychnashop.com.ua,+38(097) 990 05 85
Universal Fish Company,http://www.ufc-fish.com,
"Хекса, ТОВ",http://hexa.com.ua,
Pro Pharma,http://pro-pharma.ua,
"Carlsberg Ukraine, PJSC",http://www.carlsbergukraine.com,
"Клаудфреш, ТОВ",http://cloudfresh.com/en/,0687771213
EvoPlay,http://evoplay.com,
Medvoice,http://medvoice.net,
Планета Кіно,http://planetakino.ua/,0674108518
Softum,http://softum.io/,+38(063) 700 48 79
ManpowerGroup Ukraine,http://www.manpowergroup.com,+38 044 594 55 05
Бритіш Американ Тобакко Україна,http://bat.ua,
NIX,http://www.nixsolutions.com/ua/,
"Сити Лайм, ООО",http://www.parfumburo.com,(067) 533 51 53
АТБ-маркет,http://www.atbmarket.com,
Softum,http://softum.io/,+38(063) 700 48 79
"Дарниця, фармацевтична компанія",http://www.darnitsa.ua,
Softum,http://softum.io/,+38(063) 700 48 79
Talent Hunters Hub,http://www.i.ua/,
Softum,http://softum.io/,+38(063) 700 48 79
Softum,http://softum.io/,+38(063) 700 48 79
Giftmall,http://giftmall.ua,
"Бінотел, ТОВ",http://binotel.ua,099 554 2033
Gameloft,http://www.gameloft.com,+380 73 092 63 48
Турум-бурум,http://turumburum.ua,
Softum,http://softum.io/,+38(063) 700 48 79
EvoPlay,http://evoplay.com,
EvoPlay,http://evoplay.com,
EvoPlay,http://evoplay.com,
Sky Loft Hotel Kyiv by Rixwell,http://www.rixwell.com/en,
Sky Loft Hotel Kyiv by Rixwell,http://www.rixwell.com/en,
Київстар,http://www.kyivstar.ua,
Transporeon,http://www.transporeon.com/en,(044) 585-5935
HS-Soft Switzerland llc,http://www.hssoft.com/open-positions,+380631993985
Столична Ювелірна Фабрика,http://stolychnashop.com.ua,+38(097) 990 05 85
Universal Fish Company,http://www.ufc-fish.com,
"Хекса, ТОВ",http://hexa.com.ua,
Pro Pharma,http://pro-pharma.ua,
"Carlsberg Ukraine, PJSC",http://www.carlsbergukraine.com,
"Клаудфреш, ТОВ",http://cloudfresh.com/en/,0687771213
EvoPlay,http://evoplay.com,
Medvoice,http://medvoice.net,
Планета Кіно,http://planetakino.ua/,0674108518
Softum,http://softum.io/,+38(063) 700 48 79
ManpowerGroup Ukraine,http://www.manpowergroup.com,+38 044 594 55 05
Бритіш Американ Тобакко Україна,http://bat.ua,
NIX,http://www.nixsolutions.com/ua/,
"Сити Лайм, ООО",http://www.parfumburo.com,(067) 533 51 53
АТБ-маркет,http://www.atbmarket.com,
Softum,http://softum.io/,+38(063) 700 48 79
"Дарниця, фармацевтична компанія",http://www.darnitsa.ua,
Softum,http://softum.io/,+38(063) 700 48 79
Talent Hunters Hub,http://www.i.ua/,
Softum,http://softum.io/,+38(063) 700 48 79
Softum,http://softum.io/,+38(063) 700 48 79
Giftmall,http://giftmall.ua,
"Бінотел, ТОВ",http://binotel.ua,099 554 2033
Gameloft,http://www.gameloft.com,+380 73 092 63 48
Турум-бурум,http://turumburum.ua,
Softum,http://softum.io/,+38(063) 700 48 79
EvoPlay,http://evoplay.com,
EvoPlay,http://evoplay.com,
EvoPlay,http://evoplay.com,
The WhyKingz,http://whykingz.com/uk/,050 067 22 25
Quintagroup,http://quintagroup.com,
Project Ukraine,http://projectukraine.online,
Project Ukraine,http://projectukraine.online,
Товариство Червоного Хреста України,http://redcross.org.ua/vacancy/,
Товариство Червоного Хреста України,http://redcross.org.ua/vacancy/,
Futurra Group,http://futurragroup.com/,
EvoPlay,http://evoplay.com,
Intropia,http://www.maritimelp.com/,
"Філіп Морріс Україна, ПрАТ",http://www.pmi.com/markets/ukraine/uk/about-us/overview,
Futurra Group,http://futurragroup.com/,
Товариство Червоного Хреста України,http://redcross.org.ua/vacancy/,
TerraForce Software,http://terraforcesoftware.com,0981796341
"БаДМ, ТОВ",http://badm.ua/ua/,(056) 731-95-15
Interactivity,http://www.i.ua/,
Interactivity,http://www.i.ua/,
Stfalcon,http://stfalcon.com,
Медичний центр здоров'я,http://medzdrav.com.ua/,
Exist.ua,http://www.exist.ua,+38-050-404-65-02
SmartDev,http://www.smartdevgames.com,
ПриватБанк,http://privatbank.ua,
Tripcons LTD,http://www.cityunscripted.com/,
Товариство Червоного Хреста України,http://redcross.org.ua/vacancy/,
Next Level Apps,http://nextlvlapps.com/,+380 730 812 251
Товариство Червоного Хреста України,http://redcross.org.ua/vacancy/,
EvoPlay,http://evoplay.com,
PrimeHost,http://www.i.ua/,+38 066 901-65-89
Netpeak Group,http://netpeak.group/,
IT-Solutions,http://www.it-solutions.ua,+380633768836
OTP Bank,http://www.otpbank.com.ua,
"Метро-Пей, ТОВ",http://www.i.ua/,
Vodafone Україна,http://career.vodafone.ua,
Boosta Inc,http://www.boosta.biz,
Platipus LTD,http://platipusgaming.com/,
Товариство Червоного Хреста України,http://redcross.org.ua/vacancy/,
Ozzylogik LTD,http://ozzylogik.com/,
Vitamaized,http://vitamaized.com,
Megogo,http://megogo.net/ua,
Vodafone Україна,http://career.vodafone.ua,
Цитрус,http://www.ctrs.com.ua,
VT Labs,http://www.vtlabs.org,
"ОН Клінік, мережа медичних центрів",http://www.onclinic.ua,
"Доброград, група компаній",http://dobrograd.ua/,
"Чудо острiв, мережа дитячих супермаркетiв",http://chudo-ostriv.com.ua/,
Platipus LTD,http://platipusgaming.com/,
Benish GPS,http://www.benishgps.com,067 324 93 15
ДзвінОк,http://dzvinok.ua,050 816-67-77
Livepage,http://livepage.ua,
Медирент,http://medirent.ua,
ПриватБанк,http://privatbank.ua,
JatApp,http://jatapp.biz/ua/,
PNN Soft,http://pnnsoft.com,
Binerals,http://binerals.com,
Boosta Inc,http://www.boosta.biz,
Авеб,http://aweb.ua/ua/,(044) 538-01-61
Miraton,http://www.miraton.ua,
Hemo Medika,http://hemomedika.com.ua,
Chaika Tech Inc,http://chaika.cc/,
Eldorado.ua,http://www.work.eldorado.ua/,
"Медичні закупівлі України, ДП",http://medzakupivli.com/uk/,
"Фора, ТОВ",http://fora.ua/karera/vakansii/,
EvoPlay,http://evoplay.com,
Go interactive!,http://www.gointeractive.co,
UKFN Group,http://www.i.ua/,+380688789016
NIX,http://www.nixsolutions.com/ua/,
Датагруп & Volia,http://www.datagroup.ua,
АТБ-маркет,http://www.atbmarket.com,
"Фаворит, агропромислова компанія",http://www.favorit.ltd,+38 (067) 521-59-99
Smart Solutions,http://www.smart-hr.com.ua,
EvoPlay,http://evoplay.com,
Favbet,http://favbet.ua,
"Віват Трейдінг, ТОВ",http://www.vivat.in.ua,+38 (093) 325-09-43
Squro,http://squro.com,
Exist.ua,http://www.exist.ua,+38-050-404-65-02
VF Consulting services,http://www.vfsglobal.com/,
SoftConstruct,http://www.softconstruct.io,
ПриватБанк,http://privatbank.ua,
NIX,http://www.nixsolutions.com/ua/,
Starlight Media,http://starlight.media/,
Livepage,http://livepage.ua,
Leeloo.ai,http://web.leeloo.ai/leeloohr,
EvoPlay,http://evoplay.com,
Yellow Stone,http://yellowstone.com.ua,
DTEK,http://dtek.com,
EvoPlay,http://evoplay.com,
Smart Solutions,http://www.smart-hr.com.ua,
UKEESS Software House,http://www.ukeess.com,
DMP Development Group,http://www.dmp-development.com,067 327 5409
Ортомедіка Груп,http://ortomedica.ua,+38 066 882 16 42
Everad,http://everad.com,
"Інтербуд, будівельна компанія, ТОВ",http://www.i.ua/,(067) 242 60 34
Netpeak,http://netpeak.ua,
Netpeak,http://netpeak.ua,
EvoPlay,http://evoplay.com,
Група Нафтогаз,http://www.naftogaz.com,
DiJust,http://dijust.com,
Talent Hunters Hub,http://www.i.ua/,
DC Link,http://dclink.ua/,067-502-69-96
Датагруп & Volia,http://www.datagroup.ua,
Vodafone Україна,http://career.vodafone.ua,
"Баядера Логістик, ТОВ",http://bayaderagroup.com/,
Talent Hunters Hub,http://www.i.ua/,
Сілта-Колор,http://silta.ua,
Твій Cosmetolog,http://www.i.ua/,
Wild Wild Leads,http://www.i.ua/,+380980813258
NIX,http://www.nixsolutions.com/ua/,
World Vision Ukraine,http://www.wvi.org/emergencies/ukraine,
Aroma kava,http://aromakava.ua,
Rezet,http://rezet.io,0681830877
PRO.people Recruitment Agency,http://www.i.ua/,
Profit Center FX,http://profitcenterfx.com,
1+1 media,http://media.1plus1.ua,
DMP Development Group,http://www.dmp-development.com,067 327 5409
Укрпродукт Групп,http://www.ukrproduct.com,
Redlab,http://www.redlab.bz,+380638119855
Vodafone Україна,http://career.vodafone.ua,
"Добробут, ММ",http://med.dobrobut.com/,
DevPort,http://devport.io/,+380991548504
DevPort,http://devport.io/,+380991548504
Цитрус,http://www.ctrs.com.ua,
TechMagic,http://www.techmagic.co,
Webpromo,http://www.web-promo.ua,+380981070248
Softum,http://softum.io/,+38(063) 700 48 79
Sense Bank,http://www.sensebank.com.ua,
Softum,http://softum.io/,+38(063) 700 48 79
Райффайзен Банк,http://raiffeisen.ua,
"Eva, лінія магазинів",http://work.eva.ua/,
"Kolir, салон краси",http://www.i.ua/,0939104749
"Турбо Веб Маркетинг, ООО",http://www.i.ua/,
Цитрус,http://www.ctrs.com.ua,
EVA.tech,http://work.eva.ua/,
"OKwine, мережа виномаркетів",http://okwine.ua,+380504099306
DTEK,http://dtek.com,
Eldorado.ua,http://www.work.eldorado.ua/,
"Пріметалс Текнолоджіз Україна, ТОВ",http://www.primetals.com,
Аптека АНЦ,http://anc.ua,+38 (050) 364 - 88 - 74
DS Partners,http://www.i.ua/,
ПриватБанк,http://privatbank.ua,
"Укрексімбанк, АТ",http://www.eximb.com,
ТАС,http://tascombank.ua/,
IT-Solutions,http://www.it-solutions.ua,+380633768836
Автек,http://www.avtek.ua,(044) 496-00-51
ZEZMAN,http://www.zezman.ua,+380675400283
Inwhite,http://www.iws.ua,
Makeup,http://makeup.com.ua,
Полімерсервіс,http://polymerservice.ua/,+38 050 364 30 22
"Сільпо, мережа супермаркетів",http://www.silpo.ua/work,
YEDNIST’ GROUP,https://www.facebook.com/Edinstvo-Group-101911025641800/,+380504642319
N-iX,http://careers.n-ix.com/,+38 032 229 57 67
Ocean Digital,http://oceandigital.top/,
ASAP Solution,http://www.i.ua/,
DTEK,http://dtek.com,
Vodafone Україна,http://career.vodafone.ua,
Comfy,http://work.comfy.ua,
Віатек,http://viatec.ua/,+380997003797
Планета Кіно,http://planetakino.ua/,0674108518
Планета Кіно,http://planetakino.ua/,0674108518
Фокстрот,http://foxtrot.work,
"Кейк Альянс, ТОВ",http://www.i.ua/,
Авеб,http://aweb.ua/ua/,(044) 538-01-61
"Yakaboo.ua, книжкова платформа",http://www.yakaboo.ua,
ПриватБанк,http://privatbank.ua,
EvoPlay,http://evoplay.com,
АТБ-маркет,http://www.atbmarket.com,
АТБ-маркет,http://www.atbmarket.com,
"ARX, страховая компания",http://arx.com.ua/,
Smart Solutions,http://www.smart-hr.com.ua,
EVO,http://evo.company,
Vodafone Retail Україна,http://www.i.ua/,
De Novo,http://denovo.ua,(044) 200-93-39
AIR Media-Tech,http://www.air.io,
Kraken Leads,http://krakenleads.com,
ПриватБанк,http://privatbank.ua,
Авеб,http://aweb.ua/ua/,(044) 538-01-61
DTEK,http://dtek.com,
Vodafone Україна,http://career.vodafone.ua,
Новус,http://www.novus.ua,
Platipus LTD,http://platipusgaming.com/,
"Сузір'я, ГК",http://suziria.ua,
"Арсенал-Центр, промышленная группа",http://www.arsenal-center.com.ua,044 454 47 43
Авеб,http://aweb.ua/ua/,(044) 538-01-61
Vitamaized,http://vitamaized.com,
Факультет-Фарм,http://www.facultet-farm.ua,(056) 374 24 19
HYS Enterprise,http://www.hys-enterprise.com,
"Хлібпром, ПрАТ",http://www.hlibprom.com.ua,
ПриватБанк,http://privatbank.ua,
Eldorado.ua,http://www.work.eldorado.ua/,
"Фора, ТОВ",http://fora.ua/karera/vakansii/,
"БаДМ, ТОВ",http://badm.ua/ua/,(056) 731-95-15
IT-Step (Харків),http://www.itstep.kh.ua,+380961422191
PRO.people Recruitment Agency,http://www.i.ua/,
Датагруп & Volia,http://www.datagroup.ua,
Athletics,http://athletics.kiev.ua,
Zeeks,http://zeeks.co/uk/,
Mitridat Container Transport,http://www.mitridat.odessa.ua/uk/,
EVA.tech,http://work.eva.ua/,
QATestLab,http://career.qatestlab.eu/,
Leadsdoit,http://leadsdoit.com,
Київстар,http://www.kyivstar.ua,
PIN-UP Global,http://pin-up.global/,
SupportYourApp,http://supportyourapp.com,
PNN Soft,http://pnnsoft.com,
METRO Україна,http://www.metro.ua,
Будинок іграшок,http://bi.ua,
"Юніон Трейд Плюс, ПП",http://untp.com.ua,093-105-44-10
Київстар,http://www.kyivstar.ua,
ASAP Solution,http://www.i.ua/,
Halo Lab,http://www.halo-lab.com,0487962106
Miraton,http://www.miraton.ua,
NovaPay,http://novapay.ua/,
Київстар,http://www.kyivstar.ua,
Vodafone Україна,http://career.vodafone.ua,
DMP Development Group,http://www.dmp-development.com,067 327 5409
ПриватБанк,http://privatbank.ua,
IT Step Academy,http://kiev.itstep.org/,
lifecell,http://www.lifecell.ua,
"Укрексімбанк, АТ",http://www.eximb.com,
Meest China,http://meest.cn/,
"Leoland, спортивно-розважальний комплекс",http://leoland.ua/,+380673107820
EvoPlay,http://evoplay.com,
Датагруп & Volia,http://www.datagroup.ua,
Авеб,http://aweb.ua/ua/,(044) 538-01-61
Megogo,http://megogo.net/ua,
"Аграрні Системні Технології, ТОВ",http://www.ast.ua,
SI BIS,http://sibis.com.ua,044-499-12-12
Київский маргариновий завод (Олком),http://www.i.ua/,
IT-Enterprise,http://www.it.ua,
Датагруп & Volia,http://www.datagroup.ua,
METRO Україна,http://www.metro.ua,
Київстар,http://www.kyivstar.ua,
Бритіш Американ Тобакко Україна,http://bat.ua,
Eldorado.ua,http://www.work.eldorado.ua/,
UKRSIBBANK BNP Paribas Group,http://www.ukrsibbank.com,
Академія А+,http://aplus.ua,+380 44 364 1 364
Starlight Media,http://starlight.media/,
Promodo,http://www.promodo.ua,
Skelar,http://www.skelar.tech/,
Vodafone Україна,http://career.vodafone.ua,
"Салтівський м'ясокомбінат, ТОВ",http://www.smk-group.com.ua/,0672501940
UKRSIBBANK BNP Paribas Group,http://www.ukrsibbank.com,
Proxima Research International,http://proximaresearch.ua,
"BDO, LLC",http://www.bdo.ua,
"Кейк Альянс, ТОВ",http://www.i.ua/,
AIR Media-Tech,http://www.air.io,
"Брокард-Україна, ТОВ",http://www.brocard.ua,
Піранья Тех,http://www.piranha-tech.com,
Eldorado.ua,http://www.work.eldorado.ua/,
Upstars,http://upstars.com/,
"Автоцентр-Кременчук-2012, ТОВ",http://www.skoda-kremen.com.ua/,
World Vision Ukraine,http://www.wvi.org/emergencies/ukraine,
Meest China,http://meest.cn/,
ProSteer Group,http://prosteergroup.com,
PRO.people Recruitment Agency,http://www.i.ua/,
Київстар,http://www.kyivstar.ua,
SkillUp,http://skillup.ua/ua/,
"Тікетс.Юей, ТОВ",http://www.tickets.ua,0673226225
NIX,http://www.nixsolutions.com/ua/,
"Баядера Логістик, ТОВ",http://bayaderagroup.com/,
"Фаворит, агропромислова компанія",http://www.favorit.ltd,+38 (067) 521-59-99
Protech Solutions Ukraine,http://www.protech-solutions.com.ua,
Ektos,http://ektos.net,(057) 789-50-90      (050) 404 43 31
Zelh,http://zelh.com,
lifecell,http://www.lifecell.ua,
Diamond Agency,http://www.i.ua/,
GroupBWT,http://groupbwt.com,(068) 801-50-61
Livepage,http://livepage.ua,
"Максима, ЮФ, ООО",http://www.i.ua/,
PrimeHost,http://www.i.ua/,+38 066 901-65-89
UKRSIBBANK BNP Paribas Group,http://www.ukrsibbank.com,
Vodafone Україна,http://career.vodafone.ua,
FORTA,http://www.forta.store/,
Прикарпаттяобленерго,http://www.oe.if.ua,050-525-14-14
dok.ua,http://dok.ua,+38 (063) 437-26-37
PIN-UP Global,http://pin-up.global/,
EvoPlay,http://evoplay.com,
Клевер Сторс,http://work.sim23.ua/,
Авеб,http://aweb.ua/ua/,(044) 538-01-61
PrimeHost,http://www.i.ua/,+38 066 901-65-89
EvoPlay,http://evoplay.com,
MustHave,http://www.musthave.ua,
Vodafone Україна,http://career.vodafone.ua,
1+1 media,http://media.1plus1.ua,
16.web,http://16-web.com,0953866776
ТАС,http://tascombank.ua/,
Apriorit,http://www.apriorit.com,+38098-160-88-90
AmzProfessional,http://www.i.ua/,+380680230113
Юнiк Трейд,http://utr.ua/,
"Укратлантік, ТОВ",http://www.groupe-atlantic.com,
Blest,http://blest.ua,063 038 28 49
Цитрус,http://www.ctrs.com.ua,
Pethouse,http://pethouse.ua,
LIGA ZAKON,http://ligazakon.net,
Український процесінговий центр,http://www.upc.ua,
CS,http://csltd.com.ua/,057-760-13-67
"Долфі-Україна, ТОВ",http://dolphi-ukraine.com.ua,067 244 06 22
"Копійка, торгова мережа",http://kopeyka.com.ua/,050-333-45-83
"Пчелка, сеть продуктово-розничных магазинов",http://pchelkamarket.kiev.ua,073 341 85 04
"Дніпропластавтомат, ВП, ТОВ",http://www.dnpa.com.ua/,066 579 94 89
ПриватБанк,http://privatbank.ua,
STV group,http://stv-group-ukraine.com/,0953029239
Група Компаній Форс,http://www.force.ua,
"Прозорро.Продажі, АТ",http://prozorro.sale/,
3Shape Ukraine,http://www.3shape.com,
DTEK,http://dtek.com,
Caritas Ukraine,http://www.caritas-ua.org,
Freelance Video Editors,http://fv-e.com,
Admix Global,http://admixglobal.com,
Київстар,http://www.kyivstar.ua,
EvoPlay,http://evoplay.com,
"Укргазбанк, АБ",http://www.ukrgasbank.com/,
Netpeak,http://netpeak.ua,
Leadsdoit,http://leadsdoit.com,
ISD,http://www.isd.dp.ua,+3-8-050-480-13-93
Skelar,http://www.skelar.tech/,
SettlePay,http://settlepay.net/,
Ajax Systems,http://www.ajax.systems,
Укрпошта,http://www.ukrposhta.ua,
SettlePay,http://settlepay.net/,
Vodafone Україна,http://career.vodafone.ua,
"BPO Nextdoor, Inc.",http://bponextdoor.com/careers/,
Укроргсинтез,http://www.uoslab.com,(044) 5022081
JustSchool,http://justschool.me/,
"АТБ, корпорация",http://www.atb.ua,
Welltech,http://welltech.com/,
NIX,http://www.nixsolutions.com/ua/,
"АТБ, корпорация",http://www.atb.ua,
GG.BET,http://www.linkedin.com/company/gg-bet/,
"Сільпо, мережа супермаркетів",http://www.silpo.ua/work,
Netpeak,http://netpeak.ua,
EVA.tech,http://work.eva.ua/,
АПК-ІНВЕСТ,http://apk-invest.com.ua,+380500646464
EvoPlay,http://evoplay.com,
ERC,http://erc.ua,+38 044 230-34-74
Кібернетики,http://kibernetiki.com.ua,+38 050 046 26 28
"KIDDISVIT, ГК",http://www.kiddisvit.ua,(056) 790-01-55
EvoPlay,http://evoplay.com,
Avalis,http://www.avalis.com.ua,
Autodoc,http://www.autodoc.eu,
ВіЯр,http://viyar.ua/vacancy/,
FixIQ,http://fixiq.pro,+380673137707
Датагруп & Volia,http://www.datagroup.ua,
Comfy,http://work.comfy.ua,
EvoPlay,http://evoplay.com,
Avalis,http://www.avalis.com.ua,
3Shape Ukraine,http://www.3shape.com,
Space Marketing,http://www.i.ua/,
Renesas Electronics,http://www.renesas.com/us/en,
Ябко,http://jabko.ua,
ПК-Сервіс,http://pc-service.dp.ua,050-708-82-17
Gameloft,http://www.gameloft.com,+380 73 092 63 48
ПриватБанк,http://privatbank.ua,
Innoware,http://www.innoware.com,(044) 490-22-20
25 Coffee Roasters,http://www.25coffeeroasters.ua,
Авеб,http://aweb.ua/ua/,(044) 538-01-61
"Хоум-Нет, ТОВ",http://homenet.ua,0632786513
Ajax Systems,http://www.ajax.systems,
Аптека АНЦ,http://anc.ua,+38 (050) 364 - 88 - 74
"Княжа, українська страхова компанія",http://kniazha.ua,044 207-72-72
"Inweb, агенція digital-маркетингу",http://inweb.ua,048 770-10-70
Авеб,http://aweb.ua/ua/,(044) 538-01-61
"Сільпо, мережа супермаркетів",http://www.silpo.ua/work,
Fozzy group,http://www.fozzy.ua,
CRMiUM,http://crmium.com/,
24Play,http://24play.games,
Алло,http://work.allo.ua,
Райффайзен Банк,http://raiffeisen.ua,
dok.ua,http://dok.ua,+38 (063) 437-26-37
"Дент-Арт, ООО",http://www.dent-art.com.ua,
ВіЯр,http://viyar.ua/vacancy/,
SettlePay,http://settlepay.net/,
DTEK,http://dtek.com,
Virtual Managers,http://v-mg.com,
Sigma Software,http://career.sigma.software,
"Фора, ТОВ",http://fora.ua/karera/vakansii/,
Новус,http://www.novus.ua,
АТБ-маркет,http://www.atbmarket.com,
"Wezom, IT-компания",http://www.wezom.com.ua,
G.R. Agro,http://gr-agro.com/,
Спецмонтажсервис К,http://www.i.ua/,
Vodafone Україна,http://career.vodafone.ua,
Віатек,http://viatec.ua/,+380997003797
Boosta Inc,http://www.boosta.biz,
Датагруп & Volia,http://www.datagroup.ua,
Konsol Studio,http://konsol.studio,
Binariks Inc.,http://binariks.com,
"Альфа Сервіс Плюс, ТОВ",http://www.avtoservice.od.ua/,
GroupBWT,http://groupbwt.com,(068) 801-50-61
Мережа Ланет,http://www.lanet.ua,
Vitamaized,http://vitamaized.com,
Райффайзен Банк,http://raiffeisen.ua,
"Волинська Фондова Компанія, ПрАТ",http://www.vfc.com.ua,
АКО Індастріс,http://www.aco.com,+380677170300
Керхер,http://www.karcher.ua,(044) 594-75-00
V&A,http://www.i.ua/,
Promodo,http://www.promodo.ua,
Soft Industry,http://soft-industry.com,+38096-478-72-10
Ozzylogik LTD,http://ozzylogik.com/,
АТБ-маркет,http://www.atbmarket.com,
АТБ-маркет,http://www.atbmarket.com,
Авеб,http://aweb.ua/ua/,(044) 538-01-61
Netpeak,http://netpeak.ua,
Netpeak,http://netpeak.ua,
Зміст Всередині,http://si.land,+380633758492
Новус,http://www.novus.ua,
"Split Development, LLC",http://splitdev.pro,0950760817
"Split Development, LLC",http://splitdev.pro,0950760817
Cyborgs.pro,http://cyborgs.pro,
Мережа Ланет,http://www.lanet.ua,
"Level Up, учебный IT-центр",http://levelup.ua/,+380505403385
Алло,http://work.allo.ua,
Синхронік,http://www.i.ua/,0953287920
EVO,http://evo.company,
Мегатрейд,http://megatrade.ua,0667411068
Фокстрот,http://foxtrot.work,
Синхронік,http://www.i.ua/,0953287920
Фокстрот,http://foxtrot.work,
Беліф,http://www.i.ua/,
Respublika Park,http://respublikapark.com.ua/,
Uklon,https://www.linkedin.com/company/uklontech,
ПриватБанк,http://privatbank.ua,
Фокстрот,http://foxtrot.work,
Culver Aviation,http://culver.aero/,
DTEK,http://dtek.com,
Leadsdoit,http://leadsdoit.com,
Solus.agency,http://b.solus.agency,+380936716177
"Фора, ТОВ",http://fora.ua/karera/vakansii/,
SettlePay,http://settlepay.net/,
CS,http://csltd.com.ua/,057-760-13-67
Профікс,http://www.profix.com.ua,
ISD,http://www.isd.dp.ua,+3-8-050-480-13-93
Акварель-Н,http://akvarel-n.com.ua,0678848310
ЦУМ (Київ),http://hr.tsum.ua,
"Interlegal, міжнародна юридична служба",http://www.interlegal.com.ua,0952312580
EvoPlay,http://evoplay.com,
Датагруп & Volia,http://www.datagroup.ua,
Kasta,http://job.kasta.ua,
Дубок,http://www.dybok.ua,(067) 840 13 61
АТБ-маркет,http://www.atbmarket.com,
Autodoc,http://www.autodoc.eu,
7Leads,http://7leads.biz/,
Wild Wild Leads,http://www.i.ua/,+380980813258
"Eva, лінія магазинів",http://work.eva.ua/,
"Ерідон, ТОВ",http://www.eridon.ua,
Ringostat,http://ringostat.com/uk/,
Favbet,http://favbet.ua,
Ajax Systems,http://www.ajax.systems,
CS,http://csltd.com.ua/,057-760-13-67
Webpromo,http://www.web-promo.ua,+380981070248
Promodo,http://www.promodo.ua,
Soft Industry,http://soft-industry.com,+38096-478-72-10
Школа вільних та небайдужих,http://www.vilni.school/,
Райффайзен Банк,http://raiffeisen.ua,
ШвидкоГрошi,http://sgroshi.com.ua,
ISD,http://www.isd.dp.ua,+3-8-050-480-13-93
Netpeak,http://netpeak.ua,
PPC,http://ppc.net.ua,
MD-Fashion,http://md-fashion.com.ua,+38 067 826 64 14
Renesas Electronics,http://www.renesas.com/us/en,
Qwerty.Software,http://qwerty.software,
PepsiCo Ukraine,http://www.pepsico.com,
"Національний депозитарій України, ПАТ",http://www.csd.ua,
ПриватБанк,http://privatbank.ua,
Kasta,http://job.kasta.ua,
GoITeens,http://goiteens.ua/,
Mitridat Container Transport,http://www.mitridat.odessa.ua/uk/,
Київстар,http://www.kyivstar.ua,
"Чудо острiв, мережа дитячих супермаркетiв",http://chudo-ostriv.com.ua/,
"Eva, лінія магазинів",http://work.eva.ua/,
Soft Industry,http://soft-industry.com,+38096-478-72-10
Insoft Ukraine,http://insoft-global.com/,
ISD,http://www.isd.dp.ua,+3-8-050-480-13-93
"Салтівський м'ясокомбінат, ТОВ",http://www.smk-group.com.ua/,0672501940
Megogo,http://megogo.net/ua,
Райффайзен Банк,http://raiffeisen.ua,
"Абкоммунікейшен, ТОВ",http://abcommunication.com.ua,+380443590098
ВіЯр,http://viyar.ua/vacancy/,
ПриватБанк,http://privatbank.ua,
ISD,http://www.isd.dp.ua,+3-8-050-480-13-93
OKKO,http://www.okko.ua,
Берта Груп,http://berta.ua/,+38 098 080 69 61
Київстар,http://www.kyivstar.ua,
Pethouse,http://pethouse.ua,
Профікс,http://www.profix.com.ua,
UKEESS Software House,http://www.ukeess.com,
JERU,http://www.i.ua/,
Yellow Stone,http://yellowstone.com.ua,
"Біосфера, корпорація",http://biosphere-corp.com,
De Novo,http://denovo.ua,(044) 200-93-39
Авеб,http://aweb.ua/ua/,(044) 538-01-61
Govitall,http://govitall.com/ua/,0939088946
BetterMe,http://betterme.world/,
"Eva, лінія магазинів",http://work.eva.ua/,
CS,http://csltd.com.ua/,057-760-13-67
Райффайзен Банк,http://raiffeisen.ua,
Culver Aviation,http://culver.aero/,
DC Link,http://dclink.ua/,067-502-69-96
7Leads,http://7leads.biz/,
Camellia-PR,http://www.camellia.com.ua,0674453850
"Фора, ТОВ",http://fora.ua/karera/vakansii/,
QATestLab,http://career.qatestlab.eu/,
"Адам УА, ТОВ",http://adam.co.ua,+380956414855
"Фора, ТОВ",http://fora.ua/karera/vakansii/,
Bomond Group,http://www.bomond.com.ua,+380674872899
"Геймдев, ТОВ",http://slotscity.ua,+380 50 508 92 91
DMark,http://dmark.pro,+380677347340
CatCoding.cc,http://catcoding.cc,
DAMS Company,http://www.i.ua/,
ПриватБанк,http://privatbank.ua,
Київстар,http://www.kyivstar.ua,
Skelar,http://www.skelar.tech/,
Skelar,http://www.skelar.tech/,
Цитрус,http://www.ctrs.com.ua,
Цитрус,http://www.ctrs.com.ua,
Українська Броня™,http://ukrainianarmor.com/,063-78-51-259
АТБ-маркет,http://www.atbmarket.com,
АТБ-маркет,http://www.atbmarket.com,
АТБ-маркет,http://www.atbmarket.com,
АТБ-маркет,http://www.atbmarket.com,
АТБ-маркет,http://www.atbmarket.com,
АТБ-маркет,http://www.atbmarket.com,
ЦУМ (Київ),http://hr.tsum.ua,
Новус,http://www.novus.ua,
Віатек,http://viatec.ua/,+380997003797
Brain,http://www.brain.com.ua,067 825 43 45
EvoPlay,http://evoplay.com,
Бритіш Американ Тобакко Україна,http://bat.ua,
UKRSIBBANK BNP Paribas Group,http://www.ukrsibbank.com,
Digital Clever Solutions,http://clever-solution.com/,0964891201
"Флексімп Аналітікс, ТОВ",http://www.i.ua/,
ТАС,http://tascombank.ua/,
RetailGroup,http://www.i.ua/,
Wine Bureau (goodwine),http://winebureau.ua/,
ПриватБанк,http://privatbank.ua,
First Casino (Одесса),http://www.first.ua,
"Ерідон, ТОВ",http://www.eridon.ua,
AdlerTeam,http://adlerteam.co/,
ТАС,http://tascombank.ua/,
Kharkiv dream,http://www.i.ua/,050-505-28-58
Wanted,http://www.wanted.biz.ua/,
ТАС,http://tascombank.ua/,
EvoPlay,http://evoplay.com,
Netpeak Group,http://netpeak.group/,
OTP Bank,http://www.otpbank.com.ua,
Talent Hunters Hub,http://www.i.ua/,
Netpeak Group,http://netpeak.group/,
WebbyLab,http://webbylab.com,
Plenergy,http://plenergy.ua,
Гідрохаус,http://www.hydrohouse.com.ua,044 545 70 67
EvoPlay,http://evoplay.com,
Датагруп & Volia,http://www.datagroup.ua,
"Тікетс.Юей, ТОВ",http://www.tickets.ua,0673226225
AlvariumSoft,http://www.alvariumsoft.com/,+380967392336
CPT,http://www.i.ua/,
"Скаетон, авіаційна виробнича компанія, ТОВ",http://www.skyeton.com,
Getwin,http://www.i.ua/,
Київстар,http://www.kyivstar.ua,
Ajax Systems,http://www.ajax.systems,
Boosta Inc,http://www.boosta.biz,
"Eva, лінія магазинів",http://work.eva.ua/,
Національна суспільна телерадіокомпанія України,http://corp.suspilne.media/,(044) 294 97 20
Національна суспільна телерадіокомпанія України,http://corp.suspilne.media/,(044) 294 97 20
Inspe,http://www.inspe.ua,+380981889842
"Argo, торговельна мережа",http://argo.com.ua,067-325-81-64
Auchan Україна,http://www.auchan.ua,067-548-86-61
Копійочка,http://kopiyochka.com.ua,
Wild Wild Leads,http://www.i.ua/,+380980813258
EVA.tech,http://work.eva.ua/,
Wine Bureau (goodwine),http://winebureau.ua/,
ПриватБанк,http://privatbank.ua,
Британська міжнародна школа,http://britishschool.ua,+380660700279
"Оберіг, страхова група",http://oberig-sg.com,
Віатек,http://viatec.ua/,+380997003797
Алло,http://work.allo.ua,
Promodo,http://www.promodo.ua,
Wine Bureau (goodwine),http://winebureau.ua/,
PIN-UP Global,http://pin-up.global/,
"Ранок, видавництво",http://www.ranok.com.ua,
Kness Group,http://kness.energy,099 200 79 90
ERC,http://erc.ua,+38 044 230-34-74
"Омега, ООО",https://www.omega.page,
DTEK,http://dtek.com,
Uklon,https://www.linkedin.com/company/uklontech,
Favbet,http://favbet.ua,
Comfy,http://work.comfy.ua,
NIX,http://www.nixsolutions.com/ua/,
Octo Games,http://www.i.ua/,
IT Step Тернопіль,http://www.te.itstep.org,+38(098) 087-14-13
Octo Games,http://www.i.ua/,
Renesas Electronics,http://www.renesas.com/us/en,
Банк Південний,http://bank.com.ua/career,
Пробуд,http://www.i.ua/,0971325177
SOVA jewelry house,http://sovajewels.com.ua,
Український процесінговий центр,http://www.upc.ua,
Датагруп & Volia,http://www.datagroup.ua,
"Inweb, агенція digital-маркетингу",http://inweb.ua,048 770-10-70
Банк Південний,http://bank.com.ua/career,
"Копійка, торгова мережа",http://kopeyka.com.ua/,050-333-45-83
Новус,http://www.novus.ua,
MriyDiy,http://mriydiy.in.ua/,
Universal Bank,http://www.universalbank.com.ua,
Techsvit,http://techsvit.ua,
"Estro, мережа магазинів взуття",http://estro.ua,
ІТ Академія від stfalcon.com,http://academy.stfalcon.com/,
Eldorado.ua,http://www.work.eldorado.ua/,
Silkway.solutions,http://silkway.solutions/,
ПриватБанк,http://privatbank.ua,
Raise.Band,http://raise.band/,
Urmobi,http://urmobi.games,0972605573
Софтіко,http://softico.ua,(044) 383-44-10
IT-Solutions,http://www.it-solutions.ua,+380633768836
Webpromo,http://www.web-promo.ua,+380981070248
"Тетафарм, ТОВ",http://shop.tetafarm.com.ua,
ProMenu,http://promenu.ua/,+38 050 494 44 23
Ежіс Ертлє Інжиніринг,http://egis-ertle.com/,
Asbis-Украина,http://www.asbis.ua,(044) 455-44-11
LIGA ZAKON,http://ligazakon.net,
"Брокард-Україна, ТОВ",http://www.brocard.ua,
Asbis-Украина,http://www.asbis.ua,(044) 455-44-11
KredoBank,https://www.kredobank.com.ua,+380504318700
Asbis-Украина,http://www.asbis.ua,(044) 455-44-11
Bomond Group,http://www.bomond.com.ua,+380674872899
АрселорМиттал Кривой Рог,http://www.i.ua/,
Softum,http://softum.io/,+38(063) 700 48 79
Luxeo,http://luxeo.team/,
"Technaxx Deutschland, GmbH & Co. KG",http://www.technaxx.de,
"R&B Team, LLC",http://rnb-team.com,+380953034472
"Кейк Альянс, ТОВ",http://www.i.ua/,
"ARX, страховая компания",http://arx.com.ua/,
DTEK,http://dtek.com,
"Ribas Hotels Group, керуюча компанія готельно-ресторанними комплексами",http://www.ribas.ua,+38(097) 94 57 023
IT Step (Ivano-Frankivsk),http://www.i.ua/,
NewG Media (IT),http://www.newgmedia.net/,
EvoPlay,http://evoplay.com,
Mitridat Container Transport,http://www.mitridat.odessa.ua/uk/,
Cleveroad Inc.,https://cleveroad.com,
M. System,http://msystem.com.ua/,0678081301
"Ен Сі Інжиніринг Україна, ТзОВ",http://ncengineering.net,(073)-262-85-05
"Андрейчук Л.Й., ФОП",http://www.i.ua/,
PwC Service Delivery Center,http://www.pwc.com/ua/uk.html,
Mysterytag,http://www.mysterytag.com,0663318255
Лакталис,http://www.lactalis.com.ua,
SkyFall,http://www.i.ua/,
Клевер Сторс,http://work.sim23.ua/,
Політехнічний ліцей НТУУ КПІ м. Києва,http://www.i.ua/,
Comfy,http://work.comfy.ua,
DTEK,http://dtek.com,
CRM Studio,http://crm.studio,
ПриватБанк,http://privatbank.ua,
"СМАРТ, дитяча IT-школа",http://uaitsmart.com,+380505403385
Ajax Systems,http://www.ajax.systems,
STV group,http://stv-group-ukraine.com/,0953029239
"OKwine, мережа виномаркетів",http://okwine.ua,+380504099306
Terrapromo,http://terrapromo.digital,+380937935464
Авеб,http://aweb.ua/ua/,(044) 538-01-61
Ukrlandfarming,http://www.ulf.com.ua/ua/,044 393 40 93
White Dental Group,http://www.whitegroup.com.ua,
"Vega, телекоммуникационная группа",http://www.vegatele.com,
"Нова пошта, ТОВ",http://www.novaposhta.ua,
Varus,http://varus.ua/,0-800-301-331
"ДЛ Солюшн, ТОВ",http://www.i.ua/,
"XL-Групп, ТОВ",http://www.xl-group.com.ua,+380 95 220 27 46
OKKO,http://www.okko.ua,
Ківіт Плюс,http://www.i.ua/,
ПриватБанк,http://privatbank.ua,
DTEK,http://dtek.com,
EvoPlay,http://evoplay.com,
EvoPlay,http://evoplay.com,
Cleveroad Inc.,https://cleveroad.com,
Агропросперіс,http://www.agroprosperis.com,
Recruiting Support,http://recruiting-support.com.ua,0664419929
Альпмонтаж,http://www.i.ua/,
Leadsdoit,http://leadsdoit.com,
Avlo Research,http://www.i.ua/,
Uklon,https://www.linkedin.com/company/uklontech,
DTEK,http://dtek.com,
Culver Aviation,http://culver.aero/,
Банк Південний,http://bank.com.ua/career,
Renesas Electronics,http://www.renesas.com/us/en,
EvoPlay,http://evoplay.com,
Intertool,http://www.intertool.ua,
ПриватБанк,http://privatbank.ua,
Amz Recruiting Agency,http://www.i.ua/,+380680230113
"Inweb, агенція digital-маркетингу",http://inweb.ua,048 770-10-70
ProMenu,http://promenu.ua/,+38 050 494 44 23
Vodafone Retail Україна,http://www.i.ua/,
DTEK,http://dtek.com,
Авеб,http://aweb.ua/ua/,(044) 538-01-61
Secur Group,http://secur.group/,+380-63-578-87-98
Датагруп & Volia,http://www.datagroup.ua,
"Ламан Шиппинг, ООО",http://www.uni-laman.com/uk/,
"Біомед, мережа аптек-оптик (Львів)",http://www.biomed.lviv.ua,0673104887
Autodoc,http://www.autodoc.eu,
Halo Lab,http://www.halo-lab.com,0487962106
OKKO,http://www.okko.ua,
Банк Південний,http://bank.com.ua/career,
Artman Studio,http://artman.studio/,
"Пирятинський делікатес, ТОВ",http://smacomtrade.com,
ESputnik,http://esputnik.com,+380996768988
Fozzy group,http://www.fozzy.ua,
"Нова пошта, ТОВ",http://www.novaposhta.ua,
MustHave,http://www.musthave.ua,
Євро Лайфкер,http://eurolifecare.com.ua,095 283 90 25
"IPnet, інтернет-провайдер",http://www.ipnet.ua,
"Флексімп Аналітікс, ТОВ",http://www.i.ua/,
"Orto Smart, медтехніка-ортосалон, мережа ортопедичних магазинів",http://ortosalon.ua,098 181 20 60
Storgom,http://storgom.ua,+380672871020
"БаДМ, ТОВ",http://badm.ua/ua/,(056) 731-95-15
UD Company,http://www.art-misto.com.ua/,
Helen Marlen,http://helen-marlen.com,
Comfy,http://work.comfy.ua,
"Креді Агріколь, банк",http://credit-agricole.ua,
"Coca-Cola HBC Україна, Вірменія та Молдова",http://ua.coca-colahellenic.com/ua/home/,
Aby Studio,http://aby.studio,+380666571620
Starlight Media,http://starlight.media/,
Leadsdoit,http://leadsdoit.com,
"ДЛ Солюшн, ТОВ",http://www.i.ua/,
Sister's Aroma,http://sistersaroma.com/,
"Укртелеком, АТ",http://ukrtelecom.ua,
Dinamicka Development,http://www.dinamicka.com/,
Углерод-Украина,http://www.mrc.org.ua,
TreatField,http://treatfield.com,
Provectus,http://provectus.com/careers,
GG.BET,http://www.linkedin.com/company/gg-bet/,
GG.BET,http://www.linkedin.com/company/gg-bet/,
GG.BET,http://www.linkedin.com/company/gg-bet/,
Squro,http://squro.com,
Перший Український Міжнародний Банк (ПУМБ),http://career.pumb.ua/,
"Симкорд, ООО",http://www.simcord.com,
DTEK,http://dtek.com,
Eldorado.ua,http://www.work.eldorado.ua/,
Redlab,http://www.redlab.bz,+380638119855
Алло,http://work.allo.ua,
Маркетопт,https://www.facebook.com/marketopt.official,0981171516
"Дрім Груп Тойз, ТОВ",http://www.i.ua/,
DMP Development Group,http://www.dmp-development.com,067 327 5409
Люксоптика,http://luxoptica.ua/,
Yellow Stone,http://yellowstone.com.ua,
Цитрус,http://www.ctrs.com.ua,
Київстар,http://www.kyivstar.ua,
UKRSIBBANK BNP Paribas Group,http://www.ukrsibbank.com,
ПриватБанк,http://privatbank.ua,
Хмельницький обласний дерматовенерологічний центр,http://www.i.ua/,
BPC Ukraine,http://bpcbt.com,
Kraken Leads,http://krakenleads.com,
Boosta Inc,http://www.boosta.biz,
АТБ-маркет,http://www.atbmarket.com,
"М24, спеціалізовані центри діагностики",http://www.mrt-m24.com/,+380675826528
SupportYourApp,http://supportyourapp.com,
Київстар,http://www.kyivstar.ua,
SupportYourApp,http://supportyourapp.com,
RetailGroup,http://www.i.ua/,
"Капітал, мережа ломбардів",http://lombard-capital.com.ua/,067-613-37-76
ТМСофт,http://www.tmsoft-ltd.com,
"Юбилейный, МК, ООО",http://www.yuvileinyi.com.ua/,
"Хекса, ТОВ",http://hexa.com.ua,
Санітас,http://www.i.ua/,
Мегатрейд,http://megatrade.ua,0667411068
ПриватБанк,http://privatbank.ua,
EvoPlay,http://evoplay.com,
Цитрус,http://www.ctrs.com.ua,
Meest China,http://meest.cn/,
RetailGroup,http://www.i.ua/,
Максі-Меблі,http://maksimebel.com.ua,0685541465
MD-Fashion,http://md-fashion.com.ua,+38 067 826 64 14
DTEK,http://dtek.com,
Clever Testing,http://www.i.ua/,
ПриватБанк,http://privatbank.ua,
EvoPlay,http://evoplay.com,
GigaTrans,http://gigatrans.ua,+380633130087
RetroStyle Games,http://retrostylegames.com,
Boosta Inc,http://www.boosta.biz,
Talent Hunters Hub,http://www.i.ua/,
Codebridge Technology,http://www.codebridge.tech/,
SeoProfy,http://seoprofy.com,+380939634060
GigaTrans,http://gigatrans.ua,+380633130087
OTP Bank,http://www.otpbank.com.ua,
"Нова пошта, ТОВ",http://www.novaposhta.ua,
"Нова пошта, ТОВ",http://www.novaposhta.ua,
Qmaro,http://qmaro.com/,0676136188
Yellow Stone,http://yellowstone.com.ua,
"Zarina, ювелірний дім",http://www.i.ua/,+380(63)964-53-50
"Відкриті Публічні Фінанси, ДУ",http://www.publicfinance.gov.ua/ua/,
Eldorado.ua,http://www.work.eldorado.ua/,
3Shape Ukraine,http://www.3shape.com,
Finik.Pro,http://finik.pro/en.html,(067)400-42-73
Jooble,http://hiring.jooble.org,
Miss To Mrs Wedding Gifts Inc.,http://misstomrsbox.com/,
DMP Development Group,http://www.dmp-development.com,067 327 5409
Київстар,http://www.kyivstar.ua,
"OKwine, мережа виномаркетів",http://okwine.ua,+380504099306
Netpeak,http://netpeak.ua,
Solid Solutions,http://solid-sl.com,(093)0903021
"Vega, телекоммуникационная группа",http://www.vegatele.com,
Genius Software,http://geniussoftware.net,+380933842797
16.web,http://16-web.com,0953866776
Adindex.ua,http://adindex.ua,
LIGA ZAKON,http://ligazakon.net,
Solid Solutions,http://solid-sl.com,(093)0903021
"Теко Трейд, ТОВ (Overseer)",http://overseer.ua,0673815436
"Ортекс, ООО",http://ortex.kh.ua/,(067)839-51-35
Respect.Studio,http://www.respect.studio,+380932020563
Kasta,http://job.kasta.ua,
"МХП, агроіндустріальний холдинг",http://www.mhp.com.ua,
Boolat Games,http://www.boolat.com/,
"Продбаза центр, оптово-роздрібний торговий центр",http://www.i.ua/,
EvoPlay,http://evoplay.com,
Union Group,http://work.uniongroup.holdings/,
Промавтоматика Вінниця,http://www.pa.ua,(0432) 56-12-20
Genesis,http://gen.tech/,
"Профіцентр КВІТКА, ТОВ",http://kwitka.com.ua/,067 350-82-93
TapOk,http://tap-ok.com,0663754010
"Юрія-Фарм, ТОВ",http://www.uf.ua,
Promodo,http://www.promodo.ua,
Київстар,http://www.kyivstar.ua,
"Біт Сервіс, ТОВ",http://www.i.ua/,(044)353-94-03
"Сузір'я, ГК",http://suziria.ua,
"Comparus UA (Компарус.ЮА, ТОВ)",http://comparus.de/,
10Guards,http://www.10guards.com/,+380 44 39 39 000
RetailGroup,http://www.i.ua/,
Київстар,http://www.kyivstar.ua,
"Філіп Морріс Україна, ПрАТ",http://www.pmi.com/markets/ukraine/uk/about-us/overview,
"Ерідон, ТОВ",http://www.eridon.ua,
"Скаетон, авіаційна виробнича компанія, ТОВ",http://www.skyeton.com,
EVO,http://evo.company,
1+1 media,http://media.1plus1.ua,
Zelh,http://zelh.com,
Artman Studio,http://artman.studio/,
"Шаг, компьютерная академия (Чернигов)",http://chernigov.itstep.org,0934865416
United Thinkers,http://unitedthinkers.com,+38 066 707 20 94
"Софтсервіс+, ТОВ",https://www.ua-region.com.ua/kved/47.11,
Датагруп & Volia,http://www.datagroup.ua,
"BDO, LLC",http://www.bdo.ua,
Gameloft,http://www.gameloft.com,+380 73 092 63 48
Gameloft,http://www.gameloft.com,+380 73 092 63 48
Київстар,http://www.kyivstar.ua,
Київстар,http://www.kyivstar.ua,
Ajax Systems,http://www.ajax.systems,
Новус,http://www.novus.ua,
TK Laser,http://tk-laser.com.ua,067 1657432
"Модерн Експо, СП ТОВ",http://www.modern-expo.com,0503665060
Новус,http://www.novus.ua,
"МХП, агроіндустріальний холдинг",http://www.mhp.com.ua,
Фокстрот,http://foxtrot.work,
EvoPlay,http://evoplay.com,
"Panem, Digital Agency",http://icyeast.org,+380 93 412 46 96
"Аверс Групп, ООО",http://www.i.ua/,044 290-88-65
Yellow Stone,http://yellowstone.com.ua,
Customertimes,http://jobs.dou.ua/companies/customertimes/,
Синхронік,http://www.i.ua/,0953287920
HRD Service,http://hrd.com.ua,+380677455976
"Фокстрот, ГК, УК",http://foxtrotgroup.com.ua/,
appflame,http://appflame.com/,
Netpeak,http://netpeak.ua,
DTEK,http://dtek.com,
Райффайзен Банк,http://raiffeisen.ua,
Eldorado.ua,http://www.work.eldorado.ua/,
OKKO,http://www.okko.ua,
Boosta Inc,http://www.boosta.biz,
Totis Pharma,http://totispharma.com/,+380935814138
HealthJoy,https://www.healthjoy.com,
Secur Group,http://secur.group/,+380-63-578-87-98
Перший Український Міжнародний Банк (ПУМБ),http://career.pumb.ua/,
ПриватБанк,http://privatbank.ua,
SHOco,http://shoco.ua,(050) 430 43 55
"BDO, LLC",http://www.bdo.ua,
EvoPlay,http://evoplay.com,
ПриватБанк,http://privatbank.ua,
MVM,http://mvm.ua,+38 067 543 13 72
Softum,http://softum.io/,+38(063) 700 48 79
"Дранко В.П., ФОП",http://www.i.ua/,
"Дранко В.П., ФОП",http://www.i.ua/,
Danish Refugee Council,http://drc.ngo/,
"ОН Клінік, мережа медичних центрів",http://www.onclinic.ua,
SeoProfy,http://seoprofy.com,+380939634060
Профікс,http://www.profix.com.ua,
"Добробут, ММ",http://med.dobrobut.com/,
Nordcurrent Odessa,http://www.nordcurrent.com/,+380 (066) 998-69-90
"Vitagro, група компаній",http://www.vitagro.net,
"Comparus UA (Компарус.ЮА, ТОВ)",http://comparus.de/,
Ta-Da!,http://ta-da.ua/,0505635755
"МХП, агроіндустріальний холдинг",http://www.mhp.com.ua,
Авеб,http://aweb.ua/ua/,(044) 538-01-61
Авеб,http://aweb.ua/ua/,(044) 538-01-61
1+1 media,http://media.1plus1.ua,
"Чайковська Т.О., ФОП",http://www.i.ua/,
"Бориспіль, міжнародний аеропорт, ДП",http://www.kbp.aero,
Renesas Electronics,http://www.renesas.com/us/en,
Drinxmarket,http://drinxmarket.com/,
Ріксос-Прикарпаття,http://www.rixos.com.ua,0673326264
Ріксос-Прикарпаття,http://www.rixos.com.ua,0673326264
Ріксос-Прикарпаття,http://www.rixos.com.ua,0673326264
DMP Development Group,http://www.dmp-development.com,067 327 5409
DC Link,http://dclink.ua/,067-502-69-96
"Креді Агріколь, банк",http://credit-agricole.ua,
Solid Solutions,http://solid-sl.com,(093)0903021
SysGears,http://sysgears.com,
АТБ-маркет,http://www.atbmarket.com,
Київстар,http://www.kyivstar.ua,
АТБ-маркет,http://www.atbmarket.com,
Датагруп & Volia,http://www.datagroup.ua,
Датагруп & Volia,http://www.datagroup.ua,
Кача Гроші,http://kachay.com.ua/,
Ozzylogik LTD,http://ozzylogik.com/,
Boosta Inc,http://www.boosta.biz,
Столична Ювелірна Фабрика,http://stolychnashop.com.ua,+38(097) 990 05 85
Promodo,http://www.promodo.ua,
EvoPlay,http://evoplay.com,
Netronic,http://jobs.netronic.com.ua/,
Auchan Україна,http://www.auchan.ua,067-548-86-61
"Княжа, українська страхова компанія",http://kniazha.ua,044 207-72-72
Бонтой,http://bontoy.ua/,095-152-46-35
Gameloft,http://www.gameloft.com,+380 73 092 63 48
Symbol,http://symbol.ua,
EvoPlay,http://evoplay.com,
Pampik,http://pampik.com/,
EvoPlay,http://evoplay.com,
EvoPlay,http://evoplay.com,
"Сузір'я, ГК",http://suziria.ua,
"Comparus UA (Компарус.ЮА, ТОВ)",http://comparus.de/,
NIX,http://www.nixsolutions.com/ua/,
Gameloft,http://www.gameloft.com,+380 73 092 63 48
EvoPlay,http://evoplay.com,
DMP Development Group,http://www.dmp-development.com,067 327 5409
"МХП, агроіндустріальний холдинг",http://www.mhp.com.ua,
Датагруп & Volia,http://www.datagroup.ua,
"Leoland, спортивно-розважальний комплекс",http://leoland.ua/,+380673107820
Авеб,http://aweb.ua/ua/,(044) 538-01-61
"Хекса, ТОВ",http://hexa.com.ua,
"BPO Nextdoor, Inc.",http://bponextdoor.com/careers/,
АрселорМиттал Кривой Рог,http://www.i.ua/,
NIX,http://www.nixsolutions.com/ua/,
"Huawei Ukraine LLC (Хуавей Україна, ТОВ)",http://www.huawei.com/ua,(044) 498-77-18
OKKO,http://www.okko.ua,
Smart Solutions,http://www.smart-hr.com.ua,
Датагруп & Volia,http://www.datagroup.ua,
OKKO,http://www.okko.ua,
"Укртелеком, АТ",http://ukrtelecom.ua,
UKRSIBBANK BNP Paribas Group,http://www.ukrsibbank.com,
PIN-UP Global,http://pin-up.global/,
Favbet,http://favbet.ua,
"Нова пошта, ТОВ",http://www.novaposhta.ua,
"Банк Фамільний, ПрАТ",http://www.fbank.com.ua,044 257-20-14
HealthJoy,https://www.healthjoy.com,
HealthJoy,https://www.healthjoy.com,
Alterra Group,http://www.alterragroup.com.ua,+38(068) 965 82 72
Промавтоматика Вінниця,http://www.pa.ua,(0432) 56-12-20
FireLink Media,http://firelink.biz,
UKRSIBBANK BNP Paribas Group,http://www.ukrsibbank.com,
Цитрус,http://www.ctrs.com.ua,
Авеб,http://aweb.ua/ua/,(044) 538-01-61
"Є Таке!, мережа магазинів",http://e-take.com.ua,+38(093)362-70-32
Englishdom,http://englishdom.com,
Датагруп & Volia,http://www.datagroup.ua,
Медирент,http://medirent.ua,
SeoProfy,http://seoprofy.com,+380939634060
1+1 media,http://media.1plus1.ua,
ЦУМ (Київ),http://hr.tsum.ua,
UKRSIBBANK BNP Paribas Group,http://www.ukrsibbank.com,
Kasta,http://job.kasta.ua,
"Укртелеком, АТ",http://ukrtelecom.ua,
"BPO Nextdoor, Inc.",http://bponextdoor.com/careers/,
Банк Восток,http://www.bankvostok.com.ua,
Ajax Systems,http://www.ajax.systems,
Райффайзен Банк,http://raiffeisen.ua,
ПриватБанк,http://privatbank.ua,
OX Company,http://oxcompany.io/,+380501338852
Solid Solutions,http://solid-sl.com,(093)0903021
"Eva, лінія магазинів",http://work.eva.ua/,
Amstery,http://amstery.com,
OKKO,http://www.okko.ua,
Zelh,http://zelh.com,
"Чудо острiв, мережа дитячих супермаркетiв",http://chudo-ostriv.com.ua/,
"Скаетон, авіаційна виробнича компанія, ТОВ",http://www.skyeton.com,
Ajax Systems,http://www.ajax.systems,
Райффайзен Банк,http://raiffeisen.ua,
"Банк Фамільний, ПрАТ",http://www.fbank.com.ua,044 257-20-14
"Сузір'я, ГК",http://suziria.ua,
Hotline.finance,http://hotline.finance,
ESputnik,http://esputnik.com,+380996768988
Кібернетики,http://kibernetiki.com.ua,+38 050 046 26 28
DC Link,http://dclink.ua/,067-502-69-96
"Comparus UA (Компарус.ЮА, ТОВ)",http://comparus.de/,
Softesis,http://www.i.ua/,097 543 63 33
Мета Меблі,http://www.i.ua/,
Beetroot,http://career.beetroot.co,
Ressormarket,http://ressormarket.ua/,+380952406535
"Северин Р.В., ФЛП",http://www.i.ua/,+306998121797
ADA.tech,http://adatechua.com/ua,
Skelar,http://www.skelar.tech/,
Ковальська,http://www.kovalska.com,
Ковальська,http://www.kovalska.com,
ACTED,http://www.acted.org/en/,
Comfy,http://work.comfy.ua,
Boosta Inc,http://www.boosta.biz,
ACTED,http://www.acted.org/en/,
ACTED,http://www.acted.org/en/,
ACTED,http://www.acted.org/en/,
METRO Україна,http://www.metro.ua,
"Вовк Груп, ТОВ",http://www.i.ua/,067-341-40-82
Цитрус,http://www.ctrs.com.ua,
Dentsu Ukraine,http://dentsuaegis.com.ua/,
Датагруп & Volia,http://www.datagroup.ua,
ACTED,http://www.acted.org/en/,
ACTED,http://www.acted.org/en/,
ERC,http://erc.ua,+38 044 230-34-74
Flowers.UA,http://flowers.ua,0637870528
Ta-Da!,http://ta-da.ua/,0505635755
EvoPlay,http://evoplay.com,
MD-Fashion,http://md-fashion.com.ua,+38 067 826 64 14
MD-Fashion,http://md-fashion.com.ua,+38 067 826 64 14
MD-Fashion,http://md-fashion.com.ua,+38 067 826 64 14
Укрпошта,http://www.ukrposhta.ua,
Беліф,http://www.i.ua/,
ПриватБанк,http://privatbank.ua,
PNN Soft,http://pnnsoft.com,
ACTED,http://www.acted.org/en/,
EvoPlay,http://evoplay.com,
ACTED,http://www.acted.org/en/,
ACTED,http://www.acted.org/en/,
ACTED,http://www.acted.org/en/,
Арикол,http://www.aricol.com,048-777-07-08
ACTED,http://www.acted.org/en/,
Medicos del Mundo в Україні (Лікарі Світу),http://www.medecinsdumonde.org/,
ACTED,http://www.acted.org/en/,
"Argo, торговельна мережа",http://argo.com.ua,067-325-81-64
ACTED,http://www.acted.org/en/,
ACTED,http://www.acted.org/en/,
ACTED,http://www.acted.org/en/,
ACTED,http://www.acted.org/en/,
PNN Soft,http://pnnsoft.com,
ACTED,http://www.acted.org/en/,
ACTED,http://www.acted.org/en/,
Київстар,http://www.kyivstar.ua,
Одеська юридична академія (факультет кібербезпеки та інформаційних технологій),http://www.fcit.od.ua/,
EvoPlay,http://evoplay.com,
Canyon Development,http://canyond.com,
ACTED,http://www.acted.org/en/,
KPMG,http://www.kpmg.ua,
Credit7,http://credit7.ua,
Uklon,https://www.linkedin.com/company/uklontech,
Пробуд,http://www.i.ua/,0971325177
"АТБ, корпорация",http://www.atb.ua,
Uklon,https://www.linkedin.com/company/uklontech,
Uklon,https://www.linkedin.com/company/uklontech,
VanOnGo,http://vanongo.com/,
Датагруп & Volia,http://www.datagroup.ua,
Ajax Systems,http://www.ajax.systems,
EvoPlay,http://evoplay.com,
Monami ADV,http://monamiadv.com/,
ПриватБанк,http://privatbank.ua,
ПриватБанк,http://privatbank.ua,
Ліцей №94 (Львів),https://sites.google.com/site/knvkskolasadok94/,
EGamersWorld,http://egw.news,+380500273214
"Академия Смарт, ООО",http://www.cmapt.com.ua,
"Макс Венто, ООО",http://ventolux.ua,067-18-25-25-8
NIX,http://www.nixsolutions.com/ua/,
Wild Wild Leads,http://www.i.ua/,+380980813258
Столична Ювелірна Фабрика,http://stolychnashop.com.ua,+38(097) 990 05 85
Techsvit,http://techsvit.ua,
New Strategies Group,http://www.nsg.agency,+38(044)337-59-94
Symbol,http://symbol.ua,
Райффайзен Банк,http://raiffeisen.ua,
Фенікс Агро,http://www.fenix-agro.com,(073)213-58-41
MD-Fashion,http://md-fashion.com.ua,+38 067 826 64 14
Eldorado.ua,http://www.work.eldorado.ua/,
Мережа Ланет,http://www.lanet.ua,
EvoPlay,http://evoplay.com,
Gradus Research,https://gradus.app,
Новус,http://www.novus.ua,
"Добробут, ММ",http://med.dobrobut.com/,
Експрес Маркет box,http://box-market.com.ua/,+380634128073
Promodo,http://www.promodo.ua,
Idea Digital Agency,http://ideadigital.agency,073 104 72 05
"Оптіма-фарм, ЛТД",http://www.optimapharm.ua,0444905310
Meest,http://ua.meest.com/,
ТАС,http://tascombank.ua/,
Банк Кредит Дніпро,http://www.creditdnepr.com.ua,
UKEESS Software House,http://www.ukeess.com,
Support.ua,http://support.ua,
"Львівхолод, торгово-виробнича компанія",http://www.lvivcold.com.ua,+38050 433 35 00
"МХП, агроіндустріальний холдинг",http://www.mhp.com.ua,
Vіneo Services GmbH,http://vineo-services.de/,
Костал Україна,http://www.kostal.com,+38067 441 0220
"Eva, лінія магазинів",http://work.eva.ua/,
NIX,http://www.nixsolutions.com/ua/,
Techsvit,http://techsvit.ua,
Fuelfinance,http://fuelfinance.me/,
OtelMS,http://www.otelms.com/,097 057 06 07
Avlo Research,http://www.i.ua/,
"ІТ Step, комп'ютерна академія (Хмельницький)",http://khmelnitskiy.itstep.org,0680104457
Claimr Software LTD,http://claimr.io,
Exist.ua,http://www.exist.ua,+38-050-404-65-02
DMP Development Group,http://www.dmp-development.com,067 327 5409
Fozzy group,http://www.fozzy.ua,
Project Ukraine,http://projectukraine.online,
De Novo,http://denovo.ua,(044) 200-93-39
"Юрія-Фарм, ТОВ",http://www.uf.ua,
RockLab,http://www.rocklab.io,
"ОН Клінік, мережа медичних центрів",http://www.onclinic.ua,
"Габби, ТД",http://www.gabbi.in.ua,
"Aura, онлайн-школа німецької мови",http://aura-school.com,+380 93 985 71 85
Факультет-Фарм,http://www.facultet-farm.ua,(056) 374 24 19
ПриватБанк,http://privatbank.ua,
"Креді Агріколь, банк",http://credit-agricole.ua,
"Нова пошта, ТОВ",http://www.novaposhta.ua,
OKKO,http://www.okko.ua,
Meta Sistem,http://meta-sistem.md,+37369078478
Eldorado.ua,http://www.work.eldorado.ua/,
Ze Puff,http://www.i.ua/,+380639511176
DMP Development Group,http://www.dmp-development.com,067 327 5409
"ІНГО, страхова компанія",http://www.ingo.ua,(067) 3840408
PNN Soft,http://pnnsoft.com,
"Спецтехномоніторинг, ТОВ",http://www.spectm.com.ua,091-900-08-10
EvoPlay,http://evoplay.com,
"МХП, агроіндустріальний холдинг",http://www.mhp.com.ua,
"Брокард-Україна, ТОВ",http://www.brocard.ua,
Vodafone Україна,http://career.vodafone.ua,
Favbet,http://favbet.ua,
ПриватБанк,http://privatbank.ua,
CS,http://csltd.com.ua/,057-760-13-67
"Добробут, ММ",http://med.dobrobut.com/,
Favbet,http://favbet.ua,
PlayWorks,http://www.play.works,
Фармастор,http://www.add.ua/,
This is Software,http://www.i.ua/,
EvoPlay,http://evoplay.com,
SettlePay,http://settlepay.net/,
"Скаетон, авіаційна виробнича компанія, ТОВ",http://www.skyeton.com,
Meest China,http://meest.cn/,
Полтава Банк,http://www.poltavabank.com,
Techsvit,http://techsvit.ua,
Dopomoga IT & Telecom Resources,http://www.itnt.com.ua,+380 44 594 8178
Genesis,http://gen.tech/,
"Новаков Є.І., ФОП",http://www.i.ua/,
"Vega, телекоммуникационная группа",http://www.vegatele.com,
Boosta Inc,http://www.boosta.biz,
Triare,http://triare.net,
Konsol Studio,http://konsol.studio,
Укрпошта,http://www.ukrposhta.ua,
ITOP1000,http://www.i.ua/,
Софтком,http://www.softcom.ua,
IPland,http://ipland.com.ua,+38 044 333 80 70
"Версия, ООО",http://www.versiya.com,044-294-27-47
Winsolutions,http://www.i.ua/,0930802996
"Техніка для бізнесу, ТзОВ",http://www.tdb.ua,(032) 298 95 00
"Доминанта-Д, ЧП",http://www.dominanta-d.com,
Сімпатік Груп,http://simpatik.com.ua/,067 744 1704
"Національний депозитарій України, ПАТ",http://www.csd.ua,
"Itstep, комп'ютерна академія (Біла Церква)",http://bc.itstep.org,+380675041305
SoftGroup,http://www.softgroup.ua,
"МР, ООО",http://m-r.kiev.ua/contact.php,0445016764
Aregy U,http://aregygroup.com,+380682599031
Кашкан Логистик,http://kashkanlogistic.com,
АрселорМиттал Кривой Рог,http://www.i.ua/,
"ІТ-Паросток, благодійний фонд",http://www.it-sprout.org.ua,
Boolat Play,http://www.i.ua/,
Кашкан Логистик,http://kashkanlogistic.com,
"Арт країна, ТОВ",http://www.i.ua/,
Storgom,http://storgom.ua,+380672871020
"AdverMedia, агентство интернет-маркетинга",http://advermedia.ua,
Синхронік,http://www.i.ua/,0953287920
Netpeak Group,http://netpeak.group/,
Talents Boutique,https://www.facebook.com/TalentsBoutique,
Vodafone Україна,http://career.vodafone.ua,
Bex Auto,http://bexhilltrading.net/,
Wow_name,http://www.i.ua/,
"BDO, LLC",http://www.bdo.ua,
"Оболонь, ПрАТ",http://www.obolon.ua,
DTEK,http://dtek.com,
Укрпошта,http://www.ukrposhta.ua,
Talent Hunters Hub,http://www.i.ua/,
Talent Hunters Hub,http://www.i.ua/,
ПриватБанк,http://privatbank.ua,
Pampik,http://pampik.com/,
EvoPlay,http://evoplay.com,
Premier Food,http://premierfood.ua/,
"BPO Nextdoor, Inc.",http://bponextdoor.com/careers/,
"BPO Nextdoor, Inc.",http://bponextdoor.com/careers/,
NIX,http://www.nixsolutions.com/ua/,
Giulia,http://giulia.com.ua,
Банк Восток,http://www.bankvostok.com.ua,
Kenner Soft Service GmbH,http://kennersoft.de/,+380981527015
Укрнафта,http://www.ukrnafta.com,
Український процесінговий центр,http://www.upc.ua,
Український процесінговий центр,http://www.upc.ua,
"Eva, лінія магазинів",http://work.eva.ua/,
Mitridat Container Transport,http://www.mitridat.odessa.ua/uk/,
Intecracy Group,http://intecracy.com,
Quod Financial,http://quodfinancial.com,
Exist.ua,http://www.exist.ua,+38-050-404-65-02
АВТ Баварія,http://www.bmw.ua,
Onlyplay,http://onlyplay.net/,
Конекс,http://www.konex.com.ua,067-432-01-08
Укрпошта,http://www.ukrposhta.ua,
GetCarrier LLC,http://getcarrier.com/,+380997595008
Leadsdoit,http://leadsdoit.com,
Eldorado.ua,http://www.work.eldorado.ua/,
Insoft Ukraine,http://insoft-global.com/,
"Eva, лінія магазинів",http://work.eva.ua/,
Uklon,https://www.linkedin.com/company/uklontech,
Ozzylogik LTD,http://ozzylogik.com/,
Ozzylogik LTD,http://ozzylogik.com/,
Чудо Маркет,http://rabota.chudo-market.ua/?utm_source=workua&utm_medium=obyavlenie&utm_campaign=work,067 822-52-50
Netpeak Group,http://netpeak.group/,
Auchan Україна,http://www.auchan.ua,067-548-86-61
Icon Partners,http://icon.partners/ru,+38 (066) 7243397
Ajax Systems,http://www.ajax.systems,
lifecell,http://www.lifecell.ua,
"Eva, лінія магазинів",http://work.eva.ua/,
Дальнобой,http://www.dalnoboy.com,380 50 934 99 13
АТБ-маркет,http://www.atbmarket.com,
Quod Financial,http://quodfinancial.com,
Squro,http://squro.com,
SysGears,http://sysgears.com,
ПриватБанк,http://privatbank.ua,
Ajax Systems,http://www.ajax.systems,
ПриватБанк,http://privatbank.ua,
Авеб,http://aweb.ua/ua/,(044) 538-01-61
Boolat Play,http://www.i.ua/,
Depdiko,http://depdiko.com/,
EvoPlay,http://evoplay.com,
Boosta Inc,http://www.boosta.biz,
DTEK,http://dtek.com,
16.web,http://16-web.com,0953866776
Экстрим Прайд,http://extremepride.com.ua,
Colin's Ukraine,http://colins.ua,
EvoPlay,http://evoplay.com,
"АТБ, корпорация",http://www.atb.ua,
"Атланта, управляюча компанія",http://www.atlanta.lutsk.ua/,0332 77 63 31
Netpeak,http://netpeak.ua,
ALT Ukraine,http://alt.ua/uk/,
Auchan Україна,http://www.auchan.ua,067-548-86-61
"Асканія, група компаній",http://www.ascania.ua,
"Дарниця, фармацевтична компанія",http://www.darnitsa.ua,
ТАС,http://tascombank.ua/,
PIN-UP Global,http://pin-up.global/,
Codebridge Technology,http://www.codebridge.tech/,
Датагруп & Volia,http://www.datagroup.ua,
1+1 media,http://media.1plus1.ua,
Binariks Inc.,http://binariks.com,
Adindex.ua,http://adindex.ua,
Redlab,http://www.redlab.bz,+380638119855
Rozetka,http://rozetka.ua,
"Вентиляційні системи, ПрАТ (Вентс)",http://www.vents.work,(044) 406 36 26
АМ Интегратор Груп,http://amintegrator.com/ru/,(044)492-95-19
M2E,http://m2e.team/,0986088008
Webpromo,http://www.web-promo.ua,+380981070248
Райффайзен Банк,http://raiffeisen.ua,
EvoPlay,http://evoplay.com,
"Омега, ООО",https://www.omega.page,
Авеб,http://aweb.ua/ua/,(044) 538-01-61
Vodafone Україна,http://career.vodafone.ua,
"Укртелеком, АТ",http://ukrtelecom.ua,
PIN-UP Global,http://pin-up.global/,
ІТ-Інтегратор,http://www.it-integrator.ua,
Deloitte,http://www.i.ua/,
FixIQ,http://fixiq.pro,+380673137707
Semalt,http://semalt.com,+380638529866
Netronic,http://jobs.netronic.com.ua/,
ЦУМ (Київ),http://hr.tsum.ua,
Puma,http://www.puma.com,
Клевер Сторс,http://work.sim23.ua/,
NIX,http://www.nixsolutions.com/ua/,
Колумбус,http://www.columbus.te.ua,067 352 81 07
Фармастор,http://www.add.ua/,
Uklon,https://www.linkedin.com/company/uklontech,
"Watsons Україна (ДЦ Україна, ТОВ)",http://watsons.ua/,
ERC,http://erc.ua,+38 044 230-34-74
"Кейк Альянс, ТОВ",http://www.i.ua/,
CS,http://csltd.com.ua/,057-760-13-67
PNN Soft,http://pnnsoft.com,
EvoPlay,http://evoplay.com,
QATestLab,http://career.qatestlab.eu/,
Weblium,http://weblium.com,
ІТ-Інтегратор,http://www.it-integrator.ua,
"Аквафрост, ООО",http://www.i.ua/,
Кача Гроші,http://kachay.com.ua/,
OKKO,http://www.okko.ua,
"Кліринговий Дім, АБ",http://www.clhs.com.ua/ua,044 593 10 30
WOG,http://www.wog.ua,
Adindex.ua,http://adindex.ua,
Webpromo,http://www.web-promo.ua,+380981070248
EvoPlay,http://evoplay.com,
Eldorado.ua,http://www.work.eldorado.ua/,
GigaTrans,http://gigatrans.ua,+380633130087
Fuelfinance,http://fuelfinance.me/,
"Інтерстарч Україна, ТОВ",http://interstarch.com.ua,+380982791541
"Vivat, видавництво",http://vivat-book.com.ua,0504921730
Bex Auto,http://bexhilltrading.net/,
1+1 media,http://media.1plus1.ua,
Цитрус,http://www.ctrs.com.ua,
Athletics,http://athletics.kiev.ua,
АТБ-маркет,http://www.atbmarket.com,
EvoPlay,http://evoplay.com,
ПриватБанк,http://privatbank.ua,
Webpromo,http://www.web-promo.ua,+380981070248
lifecell,http://www.lifecell.ua,
"Добробут, ММ",http://med.dobrobut.com/,
GG.BET,http://www.linkedin.com/company/gg-bet/,
Yellow Stone,http://yellowstone.com.ua,
Favbet,http://favbet.ua,
Krona,http://www.i.ua/,
Magic voice,http://www.i.ua/,
Netpeak,http://netpeak.ua,
Netpeak,http://netpeak.ua,
"ОН Клінік, мережа медичних центрів",http://www.onclinic.ua,
"Hype, SMM Agency",https://instagram.com/hype.smm.agency?igshid=YmM0MjE2YWMzOA==,
Ajax Systems,http://www.ajax.systems,
ThinkGlobal,http://thinkglobal.xyz,050-674-08-89
Kenner Soft Service GmbH,http://kennersoft.de/,+380981527015
SBase,http://sbase.team,
XYM,http://www.i.ua/,
Netpeak,http://netpeak.ua,
Netpeak,http://netpeak.ua,
PIN-UP Global,http://pin-up.global/,
Датагруп & Volia,http://www.datagroup.ua,
Productech,http://productech.co,
PIN-UP Global,http://pin-up.global/,
PIN-UP Global,http://pin-up.global/,
Навчальний центр Інновацій,http://innov.com.ua,044-496-8350
Джет Альянс,http://www.i.ua/,+380671825258
Датагруп & Volia,http://www.datagroup.ua,
Art Lemon,http://art-lemon.com/,
"Фоззі, гіпермаркет",http://fozzyshop.com.ua/,+38-095-599-06-39
"ССМ, ДП",http://publicisgroupe.com.ua/,
Сокар Енерджі Україна,http://socar.ua,
Райффайзен Банк,http://raiffeisen.ua,
"ЛБ ритейл, ТОВ",http://www.samsonite.ua,+380675088446
Vodafone Україна,http://career.vodafone.ua,
De Novo,http://denovo.ua,(044) 200-93-39
Shipping Freight Company,http://shippingfreight.eu/,+380675020400
Netix,http://netix.ua,0972200220
Райффайзен Банк,http://raiffeisen.ua,
Sense Bank,http://www.sensebank.com.ua,
Boosta Inc,http://www.boosta.biz,
Urmobi,http://urmobi.games,0972605573
"Ениксан Украина, ООО",http://www.enixan.com,
Melexis-Ukraine,http://www.melexis.com,
Melexis-Ukraine,http://www.melexis.com,
"Освічена Ініціатива, ГО",http://enlight.org.ua/,
Artellence,http://artellence.com,
Artellence,http://artellence.com,
Transporeon,http://www.transporeon.com/en,(044) 585-5935
Solution Mentors,http://www.solutionmentors.com,
"Класс, сеть супермаркетов",http://www.klassmarket.ua,(057) 757-18-85
XSport,http://xsport.ua,
"Рикун А.П., ФОП",http://www.rykun.com.ua,097-860-58-17
"Гоголь Е.О., ФЛП",http://www.i.ua/,
GenovaWebArt,http://genovawebart.com,+380996707548
TechKids Academy,http://www.i.ua/,
GinkgoUkraine,http://www.i.ua/,
Бей-Транс,http://beitrans.com,+38 (067) 314-3911
Techery,http://techery.io/,
"Біт Сервіс, ТОВ",http://www.i.ua/,(044)353-94-03
"Лерран, ТОВ",http://www.i.ua/,067-636-43-62
Виконавчий комітет Мелітопольської міської ради Запорізької області,http://mlt.gov.ua,
Виконавчий комітет Мелітопольської міської ради Запорізької області,http://mlt.gov.ua,
TechKids Academy,http://www.i.ua/,
Черкаський державний бізнес-коледж,http://csbc.edu.ua/,
Европейская гимназия,http://www.i.ua/,
"Мук, группа компаний",http://muk.ua,
Камала Софт,http://kamala-soft.com,
Fortell Games Inc,http://www.i.ua/,
"Шуліпа Т.І., ФОП (Bruni, TM)",http://bruni.ua,
"Panem, Digital Agency",http://icyeast.org,+380 93 412 46 96
"Panem, Digital Agency",http://icyeast.org,+380 93 412 46 96
Unilime,http://unilime.group/,+380 66 481 75 54
"Провінція Плюс, ТОВ",https://www.facebook.com/Gerculespelmeni,
Uniwell,http://www.gen.tech,
ThinkGlobal,http://thinkglobal.xyz,050-674-08-89
Borderlands Foundation,http://app.borderlands.com.ua/requests,
Primeclass.io,http://primeclass.io,
Товариство Червоного Хреста України,http://redcross.org.ua/vacancy/,
Товариство Червоного Хреста України,http://redcross.org.ua/vacancy/,
"Андрєєва Р.А., ФОП",http://www.i.ua/,
PIN-UP Global,http://pin-up.global/,
"Український інститут інтелектуальної власності, ДП",http://www.i.ua/,
Укрпромінвест-Агро,http://www.upi-agro.com.ua,
Frag Lab,http://fraglab.com/,
Iron Agency,http://dji3miniprolv.store,+380962854609
Claimr Software LTD,http://claimr.io,
Smart Team,http://smartteam.ae/,+38 (068) 317-78-44
MIF Projects,http://mifprojects.com,
Boolat Play,http://www.i.ua/,
Дія,http://company.diia.gov.ua/,
AddSalesforce,http://addsalesforce.com,0634356419
Релокія,http://relokia.com,+380978667471
SoundCampaign,http://soundcamps.com,
"Panem, Digital Agency",http://icyeast.org,+380 93 412 46 96
Стар Вей Медіа,https://www.facebook.com/Starwaymediacom/?__tn__=kCH-R&eid=ARDTWu1c-4Jx98fkNWtjM71U-VK_uA5S40RcB7X1a5pzs9tO0GM3tjyBSGZD62qouyEdPopOKovf5,
"Panem, Digital Agency",http://icyeast.org,+380 93 412 46 96
"Давиденко, ФОП",http://www.i.ua/,
Клініка Біляка,http://bilyak.com.ua,+380631240050
Школа вільних та небайдужих,http://www.vilni.school/,
"Zone3000, IT company",http://zone3000.net/,093-206-88-15
MyPlanet Design,http://myplanet.design,
Meest China,http://meest.cn/,
UA Mental Help,http://uamentalhelp.org,
Dari Co,http://darico.com.ua,+380936133518
"Мостиська Драй Порт, ТОВ",http://www.i.ua/,
InStyle,http://www.i.ua/,
Renex,http://www.i.ua/,
Provectus,http://provectus.com/careers,
MirAmi,http://mirami.io,
LabB,http://www.i.ua/,
Content Mania,http://contentmania.pro/,
AP English Education Center,https://www.instagram.com/ap.education/,
Genesis,http://gen.tech/,
Ameware Group,http://amewaregroup.com,+353-1-960-9015
Lionwood.software,http://lionwood.software,+380632788225
"R&B Team, LLC",http://rnb-team.com,+380953034472
"Рудыка А.П., ФЛП",http://www.i.ua/,
NewG Media (IT),http://www.newgmedia.net/,
ABM Cloud,http://abmcloud.com,
WhiteBIT,http://whitebit.com,
Bakotech,http://bakotech.ua,0 67 51 68 487
"Хекса, ТОВ",http://hexa.com.ua,
Whaleapp,http://whaleapp.com,
Preis HR agency,http://preishragency.com.ua,+380673448524
Modsquad Group,http://modsquadgroup.com,0931238554
АРКОІНТР,http://arcointr.com/,+380974916775
"Тірас-12, ТОВ",http://tiras.technology/about-tiras/,
Комп'ютерна Академія IT Step (Кременчук),http://kremen.itstep.org,067-530-5149
Комп'ютерна Академія IT Step (Кременчук),http://kremen.itstep.org,067-530-5149
Plumrocket Inc,http://www.plumrocket.com,
Pushka Studios,http://pushkastudios.com/,
ALTWeb Group,http://altwebgroup.com,
"Кристал Телеком, ТОВ",http://www.crystal.in.ua,063 623 06 55
Sparks Life Worldwide,https://a-sparks.com,
Trionika,http://www.trionika.com,+38 099 267 17 12
WebComplete,http://webcomplete.io/,
Swan Software Solutions,http://www.i.ua/,
Inforce,http://www.i.ua/,
Travel Professional Group,http://www.tpg.ua,063 100 57 51
"Цедевелопер, ТОВ",http://www.i.ua/,
"Теко Трейд, ТОВ (Overseer)",http://overseer.ua,0673815436
"Дзен, HR-агенція з пошуку медіа-талантів",http://www.dzen.com.ua/,
КредитЕкспрес Юкрейн Ел.Ел.Сі.,http://www.creditexpress.com,044-492-05-75
Auspex,http://auspex.com.ua,+38 032 242 60 04
Storgom,http://storgom.ua,+380672871020
INCARNE,http://incarne.ua,
MintyMint,http://mintymint.net,0932280242
"7 океан, аквапарк",http://7okean.com,0984370776
Одеський ліцей Михайлівський Одеської міської ради,http://www.mrvo.od.ua/school/s1/,0679586394
Товариство Червоного Хреста України,http://redcross.org.ua/vacancy/,
Фарба Трейд Профешнл,http://www.i.ua/,
UkrTraff,http://www.i.ua/,
"Бізнес Позика, ТОВ",http://bizpozyka.com,+38 050 011 73 18
Flexus,http://flexus.games/,0974364583
Sreda,http://sreda.biz,+ 38 096 324 1200
Che IT Group,http://cheitgroup.com/,+38 (093) 814-60-42
UkrTraff,http://www.i.ua/,
GM Group,http://gmgroup.ua,+380 67 673 7656
СatalystApps,http://www.catalystapps.net/,
Квіткова Мафія,https://www.instagram.com/flowersmafia.bar/,+380 99 957 3400
"Данилко М.А., ФЛП",http://www.i.ua/,+380677214660
"Тікетс.Юей, ТОВ",http://www.tickets.ua,0673226225
ДарвінЛенд,http://darwinland.com/,
Addlium,http://www.addlium.com,(063)240-41-90
Kapsys GmbH,http://www.i.ua/,
Банк Восток,http://www.bankvostok.com.ua,
BM Tech,http://bmtech.com.ua/,0952749021
Бланідас,http://lysoform.ua,+38093 7363995
Грін Коттон Груп Львів,http://www.greencottongroup.com,
Grade Education Centre,http://grade.ua,+380445801100
Netpeak Group,http://netpeak.group/,
Dinamicka Development,http://www.dinamicka.com/,
ITCraft,http://www.career.itechcraft.com,
"Фонд Східна Європа, МБО",http://eef.org.ua,
QATestLab,http://career.qatestlab.eu/,
Art Lemon,http://art-lemon.com/,
Danish Refugee Council,http://drc.ngo/,
Solid Solutions,http://solid-sl.com,(093)0903021
Panda team,http://pandateam.net.ua/o-nas/,+380 99 137 45 48
Appexoft,http://appexoft.com/,+380930117794
Appexoft,http://appexoft.com/,+380930117794
Appexoft,http://appexoft.com/,+380930117794
Skywind,http://skywindgroup.com,
Florio,http://www.i.ua/,
"Жук К., ФОП",http://www.i.ua/,093 808 69 79
Sohina Global Recruitment,http://www.i.ua/,0501891573
Хало Траст (представництво в Україні),http://www.halotrust.org,
PSPCube,http://pspcube.com/,
"ЕнергоСофтКом, ТзОВ",http://www.energosoftcom.lviv.ua/,
Miratech,https://miratechgroup.com,(044) 206-40-98
IT Education Center,http://itedu.center,068-333-65-56
Netforce Ukraine,http://netforce.ua,+38 (044) 333 65 56
Rivo.Agency,http://www.rivo.agency,
ProtoQ,http://www.i.ua/,
"Аквіла Україна, ТОВ",http://www.i.ua/,
Advertiv,http://www.advertiv.com/,
Хало Траст (представництво в Україні),http://www.halotrust.org,
Dreamate,http://www.newarcline.com,+380999163948
"Диасервис, ООО",http://www.dia.zp.ua,067-619-03-03
Хало Траст (представництво в Україні),http://www.halotrust.org,
ДБО Софт,http://dbosoft.com.ua,+38 0665326312
"Кевін, школа",http://shkolakevin.com.ua,
Clovertech,http://clover.tech,
"Сошиал Бустер, ТОВ",http://www.i.ua/,063-175-69-36
Jet Squad,http://www.i.ua/,
Peaks Circle Sp. z o.o.,http://peakscircle.software,
"Яремчук М.В., ФОП",http://www.i.ua/,
"Яремчук М.В., ФОП",http://www.i.ua/,
"Порт Сіті Груп, ТзОВ",http://www.i.ua/,
"VD MAIS, науково-виробнича фірма, ПП",http://www.vdmais.ua/,0504157443
Danish Refugee Council,http://drc.ngo/,
Musson Marine,http://www.mussonmarine.com,
Оссистем,http://ossystem.ua,+380504005993
Pexly,http://pexly.com/,
"Заммлер Украина, ООО",http://www.zammler.com.ua,(044) 537-56-50
Товариство Червоного Хреста України,http://redcross.org.ua/vacancy/,
Immigrant Invest,http://immigrantinvest.com/,
LimTC,http://limtc.com,+38 (063) 618-14-14
"WOP lab, LLC",http://wop-lab.company,
"WOP lab, LLC",http://wop-lab.company,
Міністерство фінансів України,http://www.mof.gov.ua/uk/,
Unity-Bars,http://www.unity-bars.com,067 463-60-50
Fizika,https://www.instagram.com/fizika.ua/,
"Мартинюк К.Г., ФОП",http://www.i.ua/,+380 (63) 623-76-08
Forsa Gallery,http://www.i.ua/,
"Константинов Р.С., ФОП",http://www.i.ua/,
Darvideo Animation Studio,http://darvideo.tv,+380501307478
"ОРТ, НВК №141 м. Києва",http://ortlyceum.kiev.ua,
"Николаенко А.А., ФЛП",http://www.i.ua/,+380 (98) 567-91-86
Inforce,http://www.i.ua/,
"Фонд Східна Європа, МБО",http://eef.org.ua,
"Фонд Східна Європа, МБО",http://eef.org.ua,
"Фонд Східна Європа, МБО",http://eef.org.ua,
"Фонд Східна Європа, МБО",http://eef.org.ua,
"Фонд Східна Європа, МБО",http://eef.org.ua,
"Фонд Східна Європа, МБО",http://eef.org.ua,
Nikitin Team,http://nikitinteam.com,+380951960079
16.web,http://16-web.com,0953866776
Аксіома Груп,http://aksioma.if.ua,0673408710
BramblingTech,http://bramblingtech.com,+38(096)691-56-09
OptMaster,http://optmaster.top/,
Kevych Solutions,http://kevychsolutions.com/,
Інекс,http://www.i.ua/,
Grape,http://grape.ua,
Candy Grill,http://www.candygrill.com,0974010845
Науково-дослідницький інститут післявоєнної реабілітації та протезування,http://www.i.ua/,
Астриум,http://astrium.com.ua,
First,http://www.i.ua/,
Kraken Leads,http://krakenleads.com,
Electro Hole,http://www.i.ua/,
Altkom Software & Consulting,http://www.altkomsoftware.com/pl/,
K.I.S.S.,http://www.i.ua/,+13478577718
Upgrade,http://www.upgrade-now.com/digital-growth-agency,
ByteAnt,http://www.byteant.com,+380976562929
"Відкриті Публічні Фінанси, ДУ",http://www.publicfinance.gov.ua/ua/,
Fotki,http://fotki.com,
Zeeks,http://zeeks.co/uk/,
Beter,http://beter.co,
Rational Soft,http://www.i.ua/,+380961889041
ТехМин,http://www.i.ua/,
"Ленд.Ком, ООО",http://www.i.ua/,
4K-Soft,http://4k-soft.com,+380 968285858
Leada,http://leada.agency/,
Traffbraza,https://instagram.com/traffbraza?utm_medium=copy_link,+380984166998
"М.В. Карго, ООО",http://www.neptune.ua/,
SmallPrice,http://www.i.ua/,
Global IT Support,http://gisua.com/,+380991118433
FreeTech,http://www.i.ua/,
"Саржан, ФЛП",http://www.i.ua/,
"Кейк Альянс, ТОВ",http://www.i.ua/,
"Ріо-Транс, ПП",http://rio-trans.com/ua/,
Київська гімназія №154,http://www.i.ua/,0634357548
ITStar,http://www.i.ua/,096-967-06-10
"Network-Lviv, інтернет-провайдер",http://network.lviv.ua,
Penguin-team,http://pengstud.com,+380951975302
PR-marketing,http://www.i.ua/,
First,http://www.i.ua/,
"Епос, ТОВ",http://www.epos.ua,(044) 467-75-96
Awery Aviation Software,http://www.awery.aero,0504692949
Діалог Діагностікс,http://www.dialogd.com,
"Технологія Трейд, ТД, ТОВ",http://ttr.in.ua,+380671865381
Лицей №38 (Киев),http://lyceum38.kiev.ua,044 486 5880
Netframe,http://netframe.org,
Top Tier,http://www.toptiermedia.net,
Chatmasters AI,http://chatmasters.io/,
Національна суспільна телерадіокомпанія України,http://corp.suspilne.media/,(044) 294 97 20
Fordewind,http://www.i.ua/,
Ліцей №94 (Львів),https://sites.google.com/site/knvkskolasadok94/,
"Zone3000, IT company",http://zone3000.net/,093-206-88-15
EvoPlay,http://evoplay.com,
Kusto Agro Group,http://www.kustoagro.com,(0432) 50-83-07
Helpware,http://www.helpware.com/,
ELogic,http://elogic.co,0507641000
"Вишнивецкий М.М., ФЛП",http://k-3soft.com,
Synchron,http://synchron.ua/,
United Thinkers,http://unitedthinkers.com,+38 066 707 20 94
"Мізіна І.І., ФОП",http://www.linkedin.com/in/iia-mizina/,
HomeNet,http://www.homenet.it/,+380937199100
"Тепличний, комбінат, ПрАТ",http://www.i.ua/,
Synergy,http://synergy-recruiting.com/,
URich,http://urich.org,380957753638
Банк Південний,http://bank.com.ua/career,
Дія,http://company.diia.gov.ua/,
Восток SOS,http://www.vostok-sos.org,
VRG Soft,http://vrgsoft.net/,
Penguin-team,http://pengstud.com,+380951975302
Eshka Taxi,http://eshkataxi.com,
GotYourBack Support,http://gotyourbacksupport.com,0635334907
Яхонт,http://www.yahont.com.ua,(095) 278 - 77 - 82
SoftFormance,http://www.softformance.com,+380979987348
IMMAP Ukraine,http://immap.org/,
IT-Solutions,http://www.it-solutions.ua,+380633768836
TermoUnion,http://termounion.com.ua,067 652 99 06
Ajax Systems,http://www.ajax.systems,
W Group retail,http://windsorbotanicals.com,
Giraffe Software,http://giraffesoftware.com,+38 (063) 697-40-41
"Маніфай, ТОВ",http://monefy.com.ua,+38(096) 728-26-99
Шаурма Бро,http://www.i.ua/,+38 (067) 544-79-89
Дія,http://company.diia.gov.ua/,
lifecell,http://www.lifecell.ua,
Hire Tech,http://hiretech.com.ua,
Euro Interiors,http://www.i.ua/,+380506907291
"UNFPA, Фонд ООН у галузі народонаселення",http://ukraine.unfpa.org/uk,
Soft Industry,http://soft-industry.com,+38096-478-72-10
Paradigma,http://www.i.ua/,+380932230049
Plann Ads,http://plannads.com,+380630621653
JetOffice,http://www.jetoffice.org,
Digifico,http://www.i.ua/,
"Савинцева Л. П., ФЛП",http://www.i.ua/,
Plure LLC,http://plure.com,
"Orto Smart, медтехніка-ортосалон, мережа ортопедичних магазинів",http://ortosalon.ua,098 181 20 60
ELogic,http://elogic.co,0507641000
"Майстер СІ ЕР ЕМ, ТОВ",http://www.master-crm.com,
"Відкриті Публічні Фінанси, ДУ",http://www.publicfinance.gov.ua/ua/,
"Відкриті Публічні Фінанси, ДУ",http://www.publicfinance.gov.ua/ua/,
Ncase,http://ncase.ua,
NovaPay,http://novapay.ua/,
Freedesstudio,http://freedesstudio.com,
Львівський державний університет безпеки життєдіяльності,http://ldubgd.edu.ua,
Traffbraza,https://instagram.com/traffbraza?utm_medium=copy_link,+380984166998
3Shape Ukraine,http://www.3shape.com,
Lizard Soft,http://lizard-soft.com/ru/,
Intobi,http://intobi.com/,+380933742878
Всеукраїнські системи управління,http://vsu.biz.ua/,+380993754751
Banza,http://banzait.com/,
WGA,https://wga.app/,
АМ Интегратор Груп,http://amintegrator.com/ru/,(044)492-95-19
"Діскавері Скул, міжнародний ліцей, приватна школа-садок",http://ilds.com.ua/,099-22-777-04
АрселорМиттал Кривой Рог,http://www.i.ua/,
"Міський центр інформаційних технологій, ЛКП",http://city-adm.lviv.ua/it/,
Stream Telecom,http://streamtele.com,(067) 311 51 08
24Play,http://24play.games,
IQAEngineer,http://iqaengineer.com,
Kalama,http://www.i.ua/,
Borderlands Foundation,http://app.borderlands.com.ua/requests,
НАБУ,http://www.nabu.com.ua/,
"ТД Фреш Маркет, ТОВ",https://www.facebook.com/THFreshMarketLLC,
DodoTap,http://dodotap.com,
IT Continental,http://www.i.ua/,
Polt agency,http://poltagency.com/ua,
Geekit,http://www.geek-it.com.ua/,
BetCare,http://betcare.co/,
Canyon Development,http://canyond.com,
ItSites,http://itsites.com.ua,+380983881202
Garne,http://garne.com.ua,
OTP Bank,http://www.otpbank.com.ua,
Program-Ace,http://program-ace.com/,057-75-56-556
Solead Software,http://solead.software,
CyberBionic Systematics,http://edu.cbsystematics.com,0 800 337 146
Фокус Медіа ЮА,http://www.i.ua/,
Plerdy,http://www.plerdy.com,
Appexoft,http://appexoft.com/,+380930117794
"Delta M, группа компаний",http://delta-m.com.ua,(044) 364-09-20
G.Bar,https://www.instagram.com/g.bar.kiev,
"Сітако, ТОВ",http://koleso.ooo/,+380 95 066 66 06
"Сагекс, ТОВ",http://www.sagax.software/,
ChargaCard Inc.,http://chargacard.com,
"Алміс, ІЦ, ТОВ",http://almis.com.ua/,+380 (67) 400-65-14
Brander,http://brander.ua,
Artelogic,http://www.artelogic.net,+38 (067) 2007514
Iterasec,http://iterasec.com,
PNN Soft,http://pnnsoft.com,
Go interactive!,http://www.gointeractive.co,
"Крамтехцентр, НПП, ООО",http://kramtechcenter.com.ua,0505742018
Qmaro,http://qmaro.com/,0676136188
"НетЛС, ТОВ",http://netls.com.ua,+38 093 31 05 980
Comfy,http://work.comfy.ua,
"Кравченко Д.Ю., ФЛП",http://www.i.ua/,
Ein-des-ein.com,http://ein-des-ein.com/,+380676303443
Preis HR agency,http://preishragency.com.ua,+380673448524
Global Mind Associated,http://gmassociated.com/,+380934419515
BSG,http://www.bsg.world,
GG.BET,http://www.linkedin.com/company/gg-bet/,
Softindex LLC,http://softindex.com.ua/index.php/company/technology,(044) 228-49-90
MintyMint,http://mintymint.net,0932280242
K.I.S.S.,http://www.i.ua/,+13478577718
ITExpert,http://itexpert.work,
Boosta Inc,http://www.boosta.biz,
LetyShops,http://letyshops.com,(098) 612 72 46
Data Science UA,http://data-science-ua.com/,
Magnific Soft,http://www.magnificsoft.com/,
Evogence,http://www.evogence.com,0675370795
"ГІОЦ, КП (Головний інформаційно-обчислювальний центр Києва)",http://gioc.kyivcity.gov.ua/,044-366-81-00 (928
"ГІОЦ, КП (Головний інформаційно-обчислювальний центр Києва)",http://gioc.kyivcity.gov.ua/,044-366-81-00 (928
"ГІОЦ, КП (Головний інформаційно-обчислювальний центр Києва)",http://gioc.kyivcity.gov.ua/,044-366-81-00 (928
"ГІОЦ, КП (Головний інформаційно-обчислювальний центр Києва)",http://gioc.kyivcity.gov.ua/,044-366-81-00 (928
"ГІОЦ, КП (Головний інформаційно-обчислювальний центр Києва)",http://gioc.kyivcity.gov.ua/,044-366-81-00 (928
"Алатекс, ТОВ",http://www.i.ua/,067 846-83-46
Bliscore,http://bliscore.com/,+38 093 442 0965
"Укрексімбанк, АТ",http://www.eximb.com,
WhiteBIT,http://whitebit.com,
Alcor,http://alcor-bpo.com/,
Honeycomb Software,http://honeycombsoft.com/,+380962153402
NIX,http://www.nixsolutions.com/ua/,
CШ №316 (Киев),http://316shkola.kiev.ua,(044) 565-75-50
Redpix Production,http://red-pix.com,
Тріфіко,http://www.i.ua/,
"Академия Смарт, ООО",http://www.cmapt.com.ua,
MoApps,http://mo-apps.ua,
Kernel,http://www.kernel.ua,
"15А, гостевой дом",http://may.15a.com.ua,0666161868
"Левченко А.В., ФОП",http://vorotagroup.com,+380997116000
"Vivat, видавництво",http://vivat-book.com.ua,0504921730
"Українські бізнес технології, ТОВ",http://www.rbc.ua,
"Ай Ті Айджіті, ТОВ",http://yeti.capital/,+380977442482
Wondersign,http://www.wondersign.com,
Lime Systems,http://lime-systems.com,+38 044 359 06 99
EJaw,http://ejaw.net,+380631519268
Pixready,http://pixready.com/,
Sambora consulting,http://ssconsulting.com.ua,+380991247730
LittleQuest,http://www.i.ua/,
Національна суспільна телерадіокомпанія України,http://corp.suspilne.media/,(044) 294 97 20
"Амеда, клиника",http://ameda.com.ua,
"Будуємо Україну Разом, ГО",http://www.i.ua/,
Укртеплопостач,http://www.i.ua/,
МТБ Банк,http://www.mtb.ua,048 786-95-46
G7 Solution,http://www.i.ua/,
Гімназія № 172 (Нивки),http://www.gimn172.kiev.ua/,
CRM Studio,http://crm.studio,
"Салий А.Ю., ФЛП",http://www.i.ua/,
Голдблюм енд Партнерс,http://www.i.ua/,
SoftwareONE Ukraine,http://softwareone.com/uk-ua/,+380444995989
"КБ-Груп, ТОВ",http://www.i.ua/,
"Вакуленко А.О., ФОП",http://www.i.ua/,
Talent First,http://www.talent-first.net/,+380930399262
Житомирські Ентузіасти,http://zhytomyr.space,
UAWC Agency,http://uawc.agency/?utm_source=workua,
Національна суспільна телерадіокомпанія України,http://corp.suspilne.media/,(044) 294 97 20
White Sales,http://whitesales.ua/,
First,http://www.i.ua/,
Житомирські Ентузіасти,http://zhytomyr.space,
ModulSoft,http://modulsoft.ua/ua/,0673327694
"Пампам, ТОВ",http://pampamstudio.com/,
"Пампам, ТОВ",http://pampamstudio.com/,
Apartner.Pro,http://apartner.pro,
908,http://908.vc,380939367785
Maklai,http://maklai.com.ua/,
Міністерство фінансів України,http://www.mof.gov.ua/uk/,
Міністерство фінансів України,http://www.mof.gov.ua/uk/,
Depdiko,http://depdiko.com/,
SaM Solutions,http://www.sam-solutions.com,
Apollo Sound,http://www.apollosound.net/,
Apollo Sound,http://www.apollosound.net/,
TrafTeam,http://www.i.ua/,
Delrut,http://delrut.com,
"Акваріум, рекламне агентство, ПП",http://www.akvarium.pro,+380987275459
"Медстар Солюшенс, ООО",http://medstar.ua/,
Фрегат,http://fregat.com,
"Ей Джі Ер Груп, ТОВ",http://agr-holding.com/ua/pro-holding-2.html,
СЗШ №162 Святошинського району міста Києва,http://school162.wixsite.com/ukraine,
"Ай Ті Айджіті, ТОВ",http://yeti.capital/,+380977442482
Newsoft,http://newsoft-ns.com,+380732007922
Webeffect-Web & Apps,http://webeffect.co.il/,+972-54-494-5666
Newsoft,http://newsoft-ns.com,+380732007922
Арт Трейд Груп,http://art-trade.com.ua/,+38 (097) 179-40-55
Національна суспільна телерадіокомпанія України,http://corp.suspilne.media/,(044) 294 97 20
Вінницький гуманітарний ліцей №1 ім. М.І. Пирогова,http://sch1.vn.ua/,
Март,http://www.mart.com.ua,+380681087107
"Дніпродзержинський сталеливарний завод, ДП",http://www.dslz.biz,067 627 55 43
Armar Solutions,http://www.armar.solutions/,
Talent First,http://www.talent-first.net/,+380930399262
Ареон Консалтинг,http://areon.ua,
Nord-ost delicates,http://www.i.ua/,
ГКА Геймз Кволіті Юкрейн,http://www.i.ua/,
Phonexa,http://www.phonexa.com,
Business Evolution,http://bevol.com.ua,0352 52-19-46
Affica,http://www.i.ua/,
"Благомай, благотворительный фонд",http://charitymay.com,
Ano.digital,http://www.ano.digital/,+380 63 020 23 04
Vse Roste,http://vseroste.com.ua/,
DSR Project,http://www.i.ua/,+380631508944
Cleveroad Inc.,https://cleveroad.com,
SharpMinds UA,http://www.sharpminds.com/,+38 050 941 03 03
RubyPlay,http://rubyplay.com/,068-974-55-02
24Play,http://24play.games,
Камала Софт,http://kamala-soft.com,
Impax agency,http://www.i.ua/,
Transporeon,http://www.transporeon.com/en,(044) 585-5935
"Діаліт, ТОВ",http://dialit.ua/,
Be Tech,http://btbpm.com,
"Український Цифровий Консорціум, ТОВ",http://www.i.ua/,
Tesseris Pro,http://kvinivel.com/,
Raise.Band,http://raise.band/,
Polytech Software,http://polytech.software/,099.614.0106
Intellias,http://www.intellias.ua,
ITLab-Studio,http://itlab-studio.com,
Cpamatica,http://cpamatica.io,
ElectroTorg,http://electrotorg.biz.ua/,0686629667
ProIT медіа,http://www.i.ua/,
SoftSprint,http://softsprint.net,+380 98 681 90 92
Web Academy,http://web-academy.com.ua,
Evergreen,http://www.evergreens.com.ua,067 963-47-43
Tucha,http://tucha.ua,+380 44 583-5-583
Visual Craft Inc.,http://www.visual-craft.com,(063) 984 32 86
EliteCode,http://www.i.ua/,
BiznesLabs,http://biz24.online,0932236680
Sii Ukraine,http://sii.ua/,0675571205
HR Smart Agency,http://www.i.ua/,
MI Agency,https://instagram.com/mi___agency?utm_medium=copy_link,
Redwerk,http://redwerk.jobs,
JetOffice,http://www.jetoffice.org,
Вища школа адвокатури Національної асоціації адвокатів України,http://unba.org.ua/vsha,0955271528
"ГІОЦ, КП (Головний інформаційно-обчислювальний центр Києва)",http://gioc.kyivcity.gov.ua/,044-366-81-00 (928
Webpromo,http://www.web-promo.ua,+380981070248
"Кристал Телеком, ТОВ",http://www.crystal.in.ua,063 623 06 55
Мегатрейд,http://megatrade.ua,0667411068
Мегатрейд,http://megatrade.ua,0667411068
Мегатрейд,http://megatrade.ua,0667411068
COR Energy,http://www.i.ua/,
SaM Solutions,http://www.sam-solutions.com,
UAIThub,http://uaithub.com,
Adindex.ua,http://adindex.ua,
United Software Solutions,http://www.i.ua/,
Indeema Software Inc.,http://indeema.com/,
4Friends,http://www.4friendsplayrix.com/,
Boost Internet GmbH,http://www.boostinternet.de/,
Мегатрейд,http://megatrade.ua,0667411068
Apriorit,http://www.apriorit.com,+38098-160-88-90
Національна суспільна телерадіокомпанія України,http://corp.suspilne.media/,(044) 294 97 20
"Інкомс Груп, ТОВ",http://incomes-group.com/,
"Вірьовченко, ФОП",http://www.i.ua/,
"Natife, LLC",http://natife.com,+380954599278
OSKI solutions,http://oski.site/,+380634014035
Профікс,http://www.profix.com.ua,
Helpware,http://www.helpware.com/,
"Alliance for Public Health, ICF",http://aph.org.ua/en/home/,
"Центр первинної медико-санітарної допомоги №2, КНП",http://knpcpmsd2.itmed.org/,
"Пейсера Україна, ТОВ",https://paysera.com,
SEOFreelance,http://www.i.ua/,
"Будуємо Україну Разом, ГО",http://www.i.ua/,
Orbitrush,http://www.i.ua/,
Devtorium,http://devtorium.com/,
Kodershop,http://kodershop.com/,
Inforce,http://www.i.ua/,
Futurra Group,http://futurragroup.com/,
Amind,http://amind.ua,
Верамед Україна,http://www.veramed.co.uk/,
"Мед Инвест Груп, ООО",http://www.kds.ua,
Teleperformance Ukraine,http://ua.www.teleperformance.com,+38(093)4508074
Unilime,http://unilime.group/,+380 66 481 75 54
Covent IT,http://coventit.com/,
Solid Solutions,http://solid-sl.com,(093)0903021
"Кристал Телеком, ТОВ",http://www.crystal.in.ua,063 623 06 55
"Кристал Телеком, ТОВ",http://www.crystal.in.ua,063 623 06 55
Pushka Studios,http://pushkastudios.com/,
Preis HR agency,http://preishragency.com.ua,+380673448524
DA Apps,http://deeplink.agency,
DA Apps,http://deeplink.agency,
DA Apps,http://deeplink.agency,
Емис,http://www.i.ua/,
DA Apps,http://deeplink.agency,
Akit,http://akit.com.ua,0442337363
IT Step (Ivano-Frankivsk),http://www.i.ua/,
Intress Media,http://intressmedia.com/,+380 98 703 9233
Together Networks,http://www.togethernetworks.com,
Тенет,http://www.tenet.ua,(048)7305333
"Ениксан Украина, ООО",http://www.enixan.com,
Synapse Team,http://synapseteam.com,099-26-88-071
Interier,https://www.instagram.com/interiernik/,066-666-41-31
Recrutee,http://www.recrutee.com/,
Chaika Tech Inc,http://chaika.cc/,
Webcapitan,http://www.i.ua/,
Web Academy,http://web-academy.com.ua,
"Шумахер В.Ф., ФОП",http://www.alviservis.com.ua/,+380683440333
Preis HR agency,http://preishragency.com.ua,+380673448524
Virtual Managers,http://v-mg.com,
Ginko Visuals,http://ginkovis.com,+380677539572
U.A.Talent,http://www.talentofukraine.com/,
Artweb,http://www.i.ua/,
"TK, Law and SMM Agency",https://instagram.com/smm_agency_tk,
EmmasCredit s.r.o,http://creditgo.cz,
"Бінотел, ТОВ",http://binotel.ua,099 554 2033
Gameloft,http://www.gameloft.com,+380 73 092 63 48
Турум-бурум,http://turumburum.ua,
Softum,http://softum.io/,+38(063) 700 48 79
EvoPlay,http://evoplay.com,
EvoPlay,http://evoplay.com,
EvoPlay,http://evoplay.com,
